date,channel,content_id,content_title,content_type,impressions,reach,views,clicks,inquiries,conversions,cost,revenue
2026-05-19,kakao,C0016,시즌오프 단독 특가 총정리,carousel,8120,6037,4011,334,13,6,55317,469796
2026-05-20,kakao,C0016,시즌오프 단독 특가 총정리,carousel,7966,6297,2216,435,22,5,58403,248368
2026-05-21,naver_blog,C0002,브랜드 협업 쿠폰 안내,blog_post,2696,1846,1225,157,6,2,0,188668
2026-05-22,naver_blog,C0002,브랜드 협업 쿠폰 안내,blog_post,3595,2700,1774,217,10,4,0,264428
2026-05-22,kakao,C0016,시즌오프 단독 특가 총정리,carousel,8751,7168,3891,456,15,3,61413,164832
2026-05-22,naver_blog,C0020,브랜드 협업 체험단 소개,blog_post,6776,4444,1935,545,22,4,0,249671
2026-05-23,naver_blog,C0002,브랜드 협업 쿠폰 안내,blog_post,2270,1655,1133,139,5,2,0,164215
2026-05-23,kakao,C0016,시즌오프 단독 특가 총정리,carousel,6224,5078,3380,364,14,7,47326,512252
2026-05-23,naver_blog,C0020,브랜드 협업 체험단 소개,blog_post,4689,3438,1240,327,13,4,0,196309
2026-05-24,naver_blog,C0002,브랜드 협업 쿠폰 안내,blog_post,2605,1633,809,158,3,1,0,47463
2026-05-24,kakao,C0016,시즌오프 단독 특가 총정리,carousel,5830,3935,1853,319,12,6,48079,323249
2026-05-24,naver_blog,C0020,브랜드 협업 체험단 소개,blog_post,3825,2907,2092,268,10,4,0,303386
2026-05-24,instagram,C0043,시즌오프 룩북 추천,reels,8610,5679,2252,425,10,2,59313,164358
2026-05-25,naver_blog,C0002,브랜드 협업 쿠폰 안내,blog_post,3772,3072,1205,252,12,2,0,82824
2026-05-25,kakao,C0016,시즌오프 단독 특가 총정리,carousel,11122,8042,4942,458,22,10,73452,824864
2026-05-25,kakao,C0028,직원 추천 쿠폰 소개,carousel,3340,2925,1870,175,6,2,25094,117535
2026-05-25,instagram,C0043,시즌오프 룩북 추천,reels,19180,12417,8760,935,28,10,122257,803587
2026-05-26,instagram,C0007,브랜드 협업 세트 후기,reels,20102,15276,8079,877,24,5,144449,428451
2026-05-26,kakao,C0016,시즌오프 단독 특가 총정리,carousel,11083,7574,3953,574,21,4,91874,200004
2026-05-26,naver_blog,C0020,브랜드 협업 체험단 소개,blog_post,8677,6147,4153,700,20,3,0,276430
2026-05-26,kakao,C0028,직원 추천 쿠폰 소개,carousel,4214,3443,2084,250,10,5,27746,260939
2026-05-26,instagram,C0043,시즌오프 룩북 추천,reels,15344,11833,6213,718,16,6,94673,471942
2026-05-27,naver_blog,C0002,브랜드 협업 쿠폰 안내,blog_post,3165,2061,868,159,5,2,0,100366
2026-05-27,instagram,C0007,브랜드 협업 세트 후기,reels,19015,16617,9041,777,12,2,113492,99738
2026-05-27,kakao,C0016,시즌오프 단독 특가 총정리,carousel,9291,6423,4563,471,22,5,77385,334991
2026-05-27,instagram,C0025,브랜드 협업 세트 안내,carousel,10333,7589,3173,409,13,4,73654,248155
2026-05-27,kakao,C0028,직원 추천 쿠폰 소개,carousel,4429,2807,1137,254,8,5,29415,410221
2026-05-27,naver_blog,C0038,재입고 알림 체험단 가이드,blog_post,5609,3806,2067,438,14,7,0,661162
2026-05-27,instagram,C0043,시즌오프 룩북 추천,reels,17590,14290,10011,718,13,4,102571,198238
2026-05-27,youtube,C0045,시즌오프 코디 안내,reels,20153,14855,8463,440,5,1,89797,64971
2026-05-28,naver_blog,C0002,브랜드 협업 쿠폰 안내,blog_post,4215,3476,2020,266,12,4,0,279803
2026-05-28,instagram,C0007,브랜드 협업 세트 후기,reels,12925,8571,3975,636,16,4,74544,311509
2026-05-28,kakao,C0016,시즌오프 단독 특가 총정리,carousel,10736,8053,4289,443,11,4,76228,215080
2026-05-28,naver_blog,C0020,브랜드 협업 체험단 소개,blog_post,8780,7351,4137,774,37,16,0,877169
2026-05-28,instagram,C0025,브랜드 협업 세트 안내,carousel,9949,7853,5410,419,10,3,64507,135054
2026-05-28,kakao,C0028,직원 추천 쿠폰 소개,carousel,3669,2914,1944,191,9,2,31192,169492
2026-05-28,naver_blog,C0038,재입고 알림 체험단 가이드,blog_post,4605,3231,1517,436,14,5,0,471732
2026-05-28,instagram,C0043,시즌오프 룩북 추천,reels,15350,10265,4966,783,20,8,90901,561656
2026-05-29,naver_blog,C0002,브랜드 협업 쿠폰 안내,blog_post,3561,2320,1647,220,6,1,0,70296
2026-05-29,facebook,C0006,재입고 알림 기획전 소개,video,9610,8239,4290,200,4,0,51172,0
2026-05-29,instagram,C0007,브랜드 협업 세트 후기,reels,13585,11371,8104,546,13,3,99478,203859
2026-05-29,instagram,C0025,브랜드 협업 세트 안내,carousel,10768,7837,5451,521,15,3,65762,216844
2026-05-29,naver_blog,C0038,재입고 알림 체험단 가이드,blog_post,3617,2749,1313,294,10,3,0,173093
2026-05-29,instagram,C0043,시즌오프 룩북 추천,reels,15481,10538,6712,585,16,6,110027,367405
2026-05-29,youtube,C0045,시즌오프 코디 안내,reels,27895,24408,13016,542,8,2,130153,176160
2026-05-30,naver_blog,C0002,브랜드 협업 쿠폰 안내,blog_post,2694,1990,1228,154,6,1,0,65821
2026-05-30,facebook,C0006,재입고 알림 기획전 소개,video,6942,5476,3642,194,4,0,32800,0
2026-05-30,instagram,C0007,브랜드 협업 세트 후기,reels,14211,12034,4371,526,13,5,106155,405360
2026-05-30,kakao,C0016,시즌오프 단독 특가 총정리,carousel,5372,4215,2836,260,12,7,34802,586515
2026-05-30,naver_blog,C0020,브랜드 협업 체험단 소개,blog_post,5113,3363,1837,392,16,4,0,177373
2026-05-30,instagram,C0025,브랜드 협업 세트 안내,carousel,6721,5762,2321,319,6,1,37256,84254
2026-05-30,naver_blog,C0038,재입고 알림 체험단 가이드,blog_post,2987,2194,1048,246,9,3,0,161266
2026-05-30,instagram,C0043,시즌오프 룩북 추천,reels,11563,8621,3773,550,13,6,70542,562721
2026-05-30,youtube,C0045,시즌오프 코디 안내,reels,17512,13434,8110,458,4,1,73478,89728
2026-05-31,naver_blog,C0002,브랜드 협업 쿠폰 안내,blog_post,2822,2195,1054,176,6,2,0,159302
2026-05-31,facebook,C0006,재입고 알림 기획전 소개,video,6219,5316,3131,141,2,0,33262,0
2026-05-31,instagram,C0007,브랜드 협업 세트 후기,reels,10422,8487,3521,398,9,4,68370,360967
2026-05-31,kakao,C0016,시즌오프 단독 특가 총정리,carousel,5451,4548,2402,303,15,5,36162,464795
2026-05-31,facebook,C0018,리뷰 이벤트 패키지 총정리,video,12466,10516,6498,337,7,2,59820,166975
2026-05-31,naver_blog,C0020,브랜드 협업 체험단 소개,blog_post,5127,3784,2266,409,15,7,0,642012
2026-05-31,instagram,C0025,브랜드 협업 세트 안내,carousel,5435,4619,2576,305,5,0,38759,0
2026-05-31,naver_blog,C0038,재입고 알림 체험단 가이드,blog_post,3173,2082,1457,233,8,1,0,88799
2026-05-31,google_ads,C0041,시즌오프 단독 특가 후기,image,10500,8538,5976,388,12,2,92086,90892
2026-05-31,instagram,C0043,시즌오프 룩북 추천,reels,10806,9373,3394,474,10,4,77728,181858
2026-05-31,youtube,C0045,시즌오프 코디 안내,reels,18624,16281,7858,426,4,0,86387,0
2026-05-31,google_ads,C0053,베스트셀러 단독 특가 안내,video,11645,9162,5230,340,11,2,93043,142103
2026-06-01,naver_blog,C0002,브랜드 협업 쿠폰 안내,blog_post,4055,2732,1174,276,8,1,,89529
2026-06-01,instagram,C0007,브랜드 협업 세트 후기,reels,13801,9456,3920,658,9,1,97510,53086
2026-06-01,kakao,C0016,시즌오프 단독 특가 총정리,carousel,7575,4799,2996,379,19,7,61550,477596
2026-06-01,facebook,C0018,리뷰 이벤트 패키지 총정리,video,14770,12787,4680,373,8,1,72920,93021
2026-06-01,naver_blog,C0020,브랜드 협업 체험단 소개,blog_post,7265,5262,3177,540,25,5,0,222217
2026-06-01,instagram,C0025,브랜드 협업 세트 안내,carousel,9225,7237,4001,414,13,4,59129,293193
2026-06-01,kakao,C0028,직원 추천 쿠폰 소개,carousel,4536,3818,2255,281,13,3,33525,157701
2026-06-01,naver_blog,C0038,재입고 알림 체험단 가이드,blog_post,4738,3450,1328,366,14,4,0,193580
2026-06-01,google_ads,C0041,시즌오프 단독 특가 후기,image,16451,10598,4087,689,24,8,151899,567098
2026-06-01,instagram,C0043,시즌오프 룩북 추천,reels,13398,9538,5686,681,21,8,99324,584180
2026-06-01,youtube,C0045,시즌오프 코디 안내,reels,27605,18641,11053,586,6,1,111334,81943
2026-06-01,google_ads,C0053,베스트셀러 단독 특가 안내,video,18117,15213,10810,737,22,8,139879,728797
2026-06-02,naver_blog,C0002,브랜드 협업 쿠폰 안내,blog_post,3254,2170,1323,178,5,0,0,0
2026-06-02,facebook,C0006,재입고 알림 기획전 소개,video,8332,5473,3197,166,3,0,40658,0
2026-06-02,instagram,C0007,브랜드 협업 세트 후기,reels,16286,13152,8383,749,12,2,94979,147962
2026-06-02,kakao,C0016,시즌오프 단독 특가 총정리,carousel,8247,6532,3459,399,13,6,54686,381871
2026-06-02,facebook,C0018,리뷰 이벤트 패키지 총정리,video,16516,12329,7358,306,4,0,70383,0
2026-06-02,naver_blog,C0020,브랜드 협업 체험단 소개,blog_post,6461,4236,1883,449,9,4,0,198652
2026-06-02,instagram,C0025,브랜드 협업 세트 안내,carousel,10693,8946,5799,427,13,2,59469,181327
2026-06-02,naver_blog,C0038,재입고 알림 체험단 가이드,blog_post,5172,4160,2098,348,7,2,0,168145
2026-06-02,google_ads,C0041,시즌오프 단독 특가 후기,image,17559,11288,7477,603,18,6,153089,342390
2026-06-02,instagram,C0043,시즌오프 룩북 추천,reels,15572,10335,5569,609,14,6,96644,480035
2026-06-02,youtube,C0045,시즌오프 코디 안내,reels,31634,21556,8712,663,10,3,139061,149229
2026-06-02,google_ads,C0053,베스트셀러 단독 특가 안내,video,16106,13145,8296,569,21,7,150837,520440
2026-06-03,facebook,C0006,재입고 알림 기획전 소개,video,7103,4529,2326,160,2,0,35593,0
2026-06-03,instagram,C0007,브랜드 협업 세트 후기,reels,16684,10590,6965,620,19,8,112187,543109
2026-06-03,kakao,C0016,시즌오프 단독 특가 총정리,carousel,9383,7749,5280,456,23,11,66604,727755
2026-06-03,facebook,C0018,리뷰 이벤트 패키지 총정리,video,11622,7518,5132,247,4,0,52401,0
2026-06-03,naver_blog,C0020,브랜드 협업 체험단 소개,blog_post,7181,5272,2864,463,14,4,0,249929
2026-06-03,instagram,C0025,브랜드 협업 세트 안내,carousel,12011,9468,3544,485,13,3,83311,228333
2026-06-03,google_ads,C0041,시즌오프 단독 특가 후기,image,14834,9742,4670,674,21,6,137312,549540
2026-06-03,instagram,C0043,시즌오프 룩북 추천,reels,15647,12921,8409,773,23,9,107362,620564
2026-06-03,naver_blog,C0044,가을 신상 체험단 가이드,blog_post,3185,2274,1100,157,4,2,0,133489
2026-06-03,youtube,C0045,시즌오프 코디 안내,reels,21152,17758,6879,559,10,3,76518,175566
2026-06-03,google_ads,C0053,베스트셀러 단독 특가 안내,video,12930,9283,3806,528,17,7,104693,448504
2026-06-04,naver_blog,C0002,브랜드 협업 쿠폰 안내,blog_post,3785,2580,1327,205,8,2,0,138741
2026-06-04,facebook,C0006,재입고 알림 기획전 소개,video,8152,6824,3317,236,5,1,38091,61002
2026-06-04,instagram,C0007,브랜드 협업 세트 후기,reels,20285,16885,10915,777,14,5,146650,352498
2026-06-04,kakao,C0016,시즌오프 단독 특가 총정리,carousel,10311,8674,3950,565,19,11,69151,704670
2026-06-04,naver_blog,C0020,브랜드 협업 체험단 소개,blog_post,6958,4946,1779,427,14,3,0,284096
2026-06-04,instagram,C0025,브랜드 협업 세트 안내,carousel,12273,10287,6074,661,11,2,87666,156567
2026-06-04,kakao,C0028,직원 추천 쿠폰 소개,carousel,4414,3251,1144,205,6,3,33589,239993
2026-06-04,naver_blog,C0038,재입고 알림 체험단 가이드,blog_post,3796,2637,1216,247,8,3,0,195423
2026-06-04,instagram,C0043,시즌오프 룩북 추천,reels,12166,9173,4031,482,10,3,72924,188733
2026-06-04,naver_blog,C0044,가을 신상 체험단 가이드,blog_post,2526,2206,827,144,5,2,0,140956
2026-06-04,youtube,C0045,시즌오프 코디 안내,reels,27562,24118,10704,530,9,1,123850,74554
2026-06-04,google_ads,C0053,베스트셀러 단독 특가 안내,video,17050,12045,4413,627,21,4,166300,262217
2026-06-05,naver_blog,C0002,브랜드 협업 쿠폰 안내,blog_post,3453,2869,1071,227,7,2,0,84818
2026-06-05,facebook,C0006,재입고 알림 기획전 소개,video,9383,7074,5064,234,3,0,42567,0
2026-06-05,instagram,C0007,브랜드 협업 세트 후기,reels,17473,14766,6981,665,14,6,121864,535230
2026-06-05,kakao,C0016,시즌오프 단독 특가 총정리,carousel,10126,7584,4050,587,25,13,81118,576432
2026-06-05,facebook,C0018,리뷰 이벤트 패키지 총정리,video,15487,11798,5531,292,5,0,79818,0
2026-06-05,naver_blog,C0020,브랜드 협업 체험단 소개,blog_post,7273,5174,1891,624,19,10,0,551005
2026-06-05,kakao,C0028,직원 추천 쿠폰 소개,carousel,3985,2847,1840,239,13,3,30852,248916
2026-06-05,naver_blog,C0038,재입고 알림 체험단 가이드,blog_post,3439,2828,1373,261,9,3,0,232045
2026-06-05,google_ads,C0041,시즌오프 단독 특가 후기,image,14445,11111,6065,530,16,4,114928,321848
2026-06-05,instagram,C0043,시즌오프 룩북 추천,reels,14100,10801,4826,589,13,6,85754,542438
2026-06-05,naver_blog,C0044,가을 신상 체험단 가이드,blog_post,2408,2026,1047,158,5,1,0,77506
2026-06-05,youtube,C0045,시즌오프 코디 안내,reels,22205,14142,7786,612,11,3,105216,225220
2026-06-05,google_ads,C0053,베스트셀러 단독 특가 안내,video,14271,9298,3945,441,15,2,130520,120580
2026-06-06,naver_blog,C0002,브랜드 협업 쿠폰 안내,blog_post,2728,2125,811,149,7,3,0,206739
2026-06-06,facebook,C0006,재입고 알림 기획전 소개,video,4982,4348,2555,120,2,0,27734,0
2026-06-06,instagram,C0007,브랜드 협업 세트 후기,reels,13459,8981,6354,586,18,3,77619,145247
2026-06-06,kakao,C0016,시즌오프 단독 특가 총정리,carousel,6126,4927,2355,357,19,10,42507,749281
2026-06-06,facebook,C0018,리뷰 이벤트 패키지 총정리,video,8898,6217,3403,202,2,0,39874,0
2026-06-06,naver_blog,C0020,브랜드 협업 체험단 소개,blog_post,6056,4707,3114,464,20,4,0,170001
2026-06-06,instagram,C0025,브랜드 협업 세트 안내,carousel,8305,6805,3430,423,10,3,50576,277847
2026-06-06,kakao,C0028,직원 추천 쿠폰 소개,carousel,3527,2814,1294,163,4,1,26327,51221
2026-06-06,naver_blog,C0038,재입고 알림 체험단 가이드,blog_post,3265,2634,1637,297,14,3,0,181139
2026-06-06,google_ads,C0041,시즌오프 단독 특가 후기,image,10306,7106,3138,330,7,2,95964,107309
2026-06-06,naver_blog,C0044,가을 신상 체험단 가이드,blog_post,2227,1715,798,139,4,1,0,67431
2026-06-06,youtube,C0045,시즌오프 코디 안내,reels,24131,18132,12831,510,6,0,101194,0
2026-06-07,naver_blog,C0002,브랜드 협업 쿠폰 안내,blog_post,2419,1837,1218,139,6,2,0,164024
2026-06-07,facebook,C0006,재입고 알림 기획전 소개,video,6050,4057,2250,123,2,0,28250,0
2026-06-07,kakao,C0016,시즌오프 단독 특가 총정리,carousel,5022,4386,2174,278,10,6,40545,305689
2026-06-07,facebook,C0018,리뷰 이벤트 패키지 총정리,video,10109,6386,2558,214,3,0,52156,0
2026-06-07,instagram,C0019,베스트셀러 체험단 가이드,carousel,13377,10426,4275,779,22,5,82682,427779
2026-06-07,naver_blog,C0020,브랜드 협업 체험단 소개,blog_post,5560,3880,2529,393,15,8,0,576828
2026-06-07,instagram,C0025,브랜드 협업 세트 안내,carousel,7798,4888,2569,446,13,5,51867,398385
2026-06-07,kakao,C0028,직원 추천 쿠폰 소개,carousel,2360,1849,1071,150,4,1,15212,92151
2026-06-07,naver_blog,C0038,재입고 알림 체험단 가이드,blog_post,2526,1772,719,216,7,3,0,271885
2026-06-07,google_ads,C0041,시즌오프 단독 특가 후기,image,7558,4957,2115,269,8,2,64221,99050
2026-06-07,naver_blog,C0044,가을 신상 체험단 가이드,blog_post,2085,1711,1055,125,5,2,0,101149
2026-06-07,youtube,C0045,시즌오프 코디 안내,reels,15713,13716,6310,343,3,0,62372,0
2026-06-07,facebook,C0048,브랜드 협업 패키지 모음,carousel,12679,10483,4729,162,3,0,72526,0
2026-06-07,instagram,C0049,직원 추천 세트 추천,reels,10699,8871,4058,249,6,1,68341,54104
2026-06-07,google_ads,C0053,베스트셀러 단독 특가 안내,video,9165,6965,4842,357,7,2,84633,106670
2026-06-08,naver_blog,C0002,브랜드 협업 쿠폰 안내,blog_post,3636,2857,1055,208,8,1,,82392
2026-06-08,facebook,C0006,재입고 알림 기획전 소개,video,10352,7513,5228,293,4,0,58963,0
2026-06-08,instagram,C0007,브랜드 협업 세트 후기,reels,18169,15553,5958,838,20,7,133569,631593
2026-06-08,kakao,C0016,시즌오프 단독 특가 총정리,carousel,10778,7174,4951,641,24,10,91422,929172
2026-06-08,naver_blog,C0020,브랜드 협업 체험단 소개,blog_post,7592,4918,3510,518,25,9,0,604486
2026-06-08,kakao,C0028,직원 추천 쿠폰 소개,carousel,3488,2264,928,192,6,1,28016,83492
2026-06-08,naver_blog,C0038,재입고 알림 체험단 가이드,blog_post,5475,3644,2429,505,22,8,0,358164
2026-06-08,google_ads,C0041,시즌오프 단독 특가 후기,image,11574,8149,3600,400,8,3,118354,169821
2026-06-08,instagram,C0043,시즌오프 룩북 추천,reels,12483,9861,5978,476,7,1,78837,67638
2026-06-08,youtube,C0045,시즌오프 코디 안내,reels,24059,15651,10783,527,8,1,89939,48425
2026-06-08,facebook,C0048,브랜드 협업 패키지 모음,carousel,15998,11648,6443,238,4,1,73232,53610
2026-06-08,instagram,C0049,직원 추천 세트 추천,reels,15085,9673,4984,416,6,2,85161,140241
2026-06-08,google_ads,C0053,베스트셀러 단독 특가 안내,video,16276,10725,5055,592,11,2,150137,90003
2026-06-08,google_ads,C0059,시즌오프 룩북 가이드,image,16739,12351,6668,551,9,3,164522,239341
2026-06-09,naver_blog,C0002,브랜드 협업 쿠폰 안내,blog_post,4266,3472,1958,207,6,1,0,94676
2026-06-09,facebook,C0006,재입고 알림 기획전 소개,video,10668,6702,3359,290,5,1,55674,63119
2026-06-09,kakao,C0016,시즌오프 단독 특가 총정리,carousel,11028,9437,4614,587,27,11,86519,650400
2026-06-09,facebook,C0018,리뷰 이벤트 패키지 총정리,video,15445,11699,7245,311,3,0,72553,0
2026-06-09,instagram,C0019,베스트셀러 체험단 가이드,carousel,22442,17017,11140,982,20,4,165014,319505
2026-06-09,naver_blog,C0020,브랜드 협업 체험단 소개,blog_post,8721,6357,4026,751,16,4,0,182197
2026-06-09,instagram,C0025,브랜드 협업 세트 안내,carousel,11778,7451,4649,546,10,2,84910,86208
2026-06-09,kakao,C0028,직원 추천 쿠폰 소개,carousel,3792,3155,1958,197,8,3,26909,169791
2026-06-09,naver_blog,C0038,재입고 알림 체험단 가이드,blog_post,5389,3650,1683,354,16,8,0,721094
2026-06-09,google_ads,C0041,시즌오프 단독 특가 후기,image,14481,12638,8826,592,20,5,127057,241034
2026-06-09,instagram,C0043,시즌오프 룩북 추천,reels,19151,14231,9453,815,22,9,139969,638381
2026-06-09,youtube,C0045,시즌오프 코디 안내,reels,22329,15253,6486,564,11,3,82315,239556
2026-06-09,facebook,C0048,브랜드 협업 패키지 모음,carousel,13820,10989,6297,239,3,0,73749,0
2026-06-09,instagram,C0049,직원 추천 세트 추천,reels,12941,10948,5180,390,5,2,95777,92904
2026-06-09,google_ads,C0059,시즌오프 룩북 가이드,image,12995,10098,4298,508,14,6,112767,416104
2026-06-10,naver_blog,C0002,브랜드 협업 쿠폰 안내,blog_post,3184,2398,1280,158,7,2,0,172370
2026-06-10,facebook,C0006,재입고 알림 기획전 소개,video,8234,6309,2724,173,2,0,42147,0
2026-06-10,instagram,C0007,브랜드 협업 세트 후기,reels,14124,9968,4889,717,17,6,96897,324917
2026-06-10,kakao,C0016,시즌오프 단독 특가 총정리,carousel,11266,8864,4711,484,25,7,90079,468001
2026-06-10,instagram,C0019,베스트셀러 체험단 가이드,carousel,23075,14658,5313,1280,41,15,161881,940223
2026-06-10,naver_blog,C0020,브랜드 협업 체험단 소개,blog_post,6417,5158,1822,480,15,6,0,460029
2026-06-10,instagram,C0025,브랜드 협업 세트 안내,carousel,10430,6484,3592,405,9,2,77506,81885
2026-06-10,kakao,C0028,직원 추천 쿠폰 소개,carousel,4522,3751,2575,213,6,1,30780,68955
2026-06-10,google_ads,C0035,가을 신상 기획전 가이드,image,18351,13271,6476,596,17,8,151575,620978
2026-06-10,naver_blog,C0038,재입고 알림 체험단 가이드,blog_post,5273,4445,2805,351,11,4,,172345
2026-06-10,google_ads,C0041,시즌오프 단독 특가 후기,image,14243,10437,6681,559,20,4,129269,169361
2026-06-10,instagram,C0043,시즌오프 룩북 추천,reels,19745,16798,8834,747,11,5,143717,354965
2026-06-10,naver_blog,C0044,가을 신상 체험단 가이드,blog_post,4022,2822,1991,236,9,4,0,247625
2026-06-10,youtube,C0045,시즌오프 코디 안내,reels,23342,19537,9651,645,8,2,87447,188732
2026-06-10,facebook,C0048,브랜드 협업 패키지 모음,carousel,15346,13402,4956,225,4,0,82922,0
2026-06-10,google_ads,C0053,베스트셀러 단독 특가 안내,video,18023,11313,5103,779,21,6,183673,382509
2026-06-10,google_ads,C0059,시즌오프 룩북 가이드,image,15815,10157,5879,593,19,3,127570,237426
2026-06-11,naver_blog,C0002,브랜드 협업 쿠폰 안내,blog_post,3895,2735,1065,185,5,1,0,54837
2026-06-11,facebook,C0006,재입고 알림 기획전 소개,video,8068,6165,3088,160,2,0,41526,0
2026-06-11,instagram,C0007,브랜드 협업 세트 후기,reels,15506,10790,5324,579,18,8,115247,571662
2026-06-11,kakao,C0016,시즌오프 단독 특가 총정리,carousel,8266,5423,2502,409,11,4,60527,266530
2026-06-11,facebook,C0018,리뷰 이벤트 패키지 총정리,video,12542,8580,4987,295,3,0,59035,0
2026-06-11,naver_blog,C0020,브랜드 협업 체험단 소개,blog_post,7561,6268,2958,527,23,11,0,1029406
2026-06-11,instagram,C0025,브랜드 협업 세트 안내,carousel,12356,8305,3872,707,23,5,85011,335027
2026-06-11,kakao,C0028,직원 추천 쿠폰 소개,carousel,3487,2502,1631,187,5,2,26876,140019
2026-06-11,youtube,C0033,직원 추천 룩북 모음,reels,17806,15451,8046,258,3,0,79111,0
2026-06-11,google_ads,C0035,가을 신상 기획전 가이드,image,22938,16661,8909,815,18,7,219772,583794
2026-06-11,naver_blog,C0038,재입고 알림 체험단 가이드,blog_post,5868,4369,2177,468,21,9,0,629104
2026-06-11,google_ads,C0041,시즌오프 단독 특가 후기,image,16417,12470,7309,524,17,6,141326,453509
2026-06-11,instagram,C0043,시즌오프 룩북 추천,reels,19926,15863,7897,1015,33,9,110500,488075
2026-06-11,naver_blog,C0044,가을 신상 체험단 가이드,blog_post,3217,2480,1395,178,5,2,0,144744
2026-06-11,youtube,C0045,시즌오프 코디 안내,reels,19675,12733,6416,556,5,1,73751,57153
2026-06-11,facebook,C0048,브랜드 협업 패키지 모음,carousel,12597,9391,4941,185,3,0,59210,0
2026-06-11,instagram,C0049,직원 추천 세트 추천,reels,9973,8385,4945,272,4,1,59844,49594
2026-06-11,youtube,C0051,신규 입고 코디 후기,video,20825,18101,7888,486,5,1,85684,41605
2026-06-11,google_ads,C0053,베스트셀러 단독 특가 안내,video,12947,10020,4948,505,10,4,127315,173764
2026-06-11,google_ads,C0059,시즌오프 룩북 가이드,image,16706,11169,5256,550,12,5,151604,375754
2026-06-12,naver_blog,C0002,브랜드 협업 쿠폰 안내,blog_post,3420,2642,1264,231,8,3,0,236488
2026-06-12,facebook,C0006,재입고 알림 기획전 소개,video,6110,4000,1574,138,1,0,30649,0
2026-06-12,instagram,C0007,브랜드 협업 세트 후기,reels,12547,9030,3781,592,16,5,93786,352600
2026-06-12,kakao,C0016,시즌오프 단독 특가 총정리,carousel,6714,4711,2434,273,10,2,44864,169673
2026-06-12,instagram,C0019,베스트셀러 체험단 가이드,carousel,19263,15372,7744,1066,25,4,107587,327432
2026-06-12,naver_blog,C0020,브랜드 협업 체험단 소개,blog_post,5895,4478,1845,433,18,8,0,561879
2026-06-12,instagram,C0025,브랜드 협업 세트 안내,carousel,10698,8922,4333,582,8,3,70503,283312
2026-06-12,kakao,C0028,직원 추천 쿠폰 소개,carousel,4344,3541,1629,292,11,3,35675,192446
2026-06-12,google_ads,C0035,가을 신상 기획전 가이드,image,16164,13428,7620,513,16,6,130898,285947
2026-06-12,naver_blog,C0038,재입고 알림 체험단 가이드,blog_post,3745,2379,1141,272,9,2,0,157445
2026-06-12,google_ads,C0041,시즌오프 단독 특가 후기,image,15051,13188,7930,482,18,8,152476,756693
2026-06-12,naver_blog,C0044,가을 신상 체험단 가이드,blog_post,3511,2404,1474,225,9,4,0,267680
2026-06-12,youtube,C0045,시즌오프 코디 안내,reels,23008,16968,9916,632,6,1,90204,91498
2026-06-12,facebook,C0048,브랜드 협업 패키지 모음,carousel,16843,11875,4167,282,5,1,83165,76527
2026-06-12,instagram,C0049,직원 추천 세트 추천,reels,8991,6823,2937,222,4,0,64198,0
2026-06-12,youtube,C0051,신규 입고 코디 후기,video,19566,15010,7948,445,7,0,72305,0
2026-06-12,google_ads,C0053,베스트셀러 단독 특가 안내,video,13922,9081,6060,491,8,4,114108,311490
2026-06-12,google_ads,C0059,시즌오프 룩북 가이드,image,14103,9326,6482,430,13,3,122047,269127
2026-06-13,naver_blog,C0002,브랜드 협업 쿠폰 안내,blog_post,2522,1763,1073,133,5,2,0,80119
2026-06-13,facebook,C0006,재입고 알림 기획전 소개,video,5465,4354,1538,144,3,0,26688,0
2026-06-13,instagram,C0007,브랜드 협업 세트 후기,reels,9880,7109,4410,372,7,3,57228,247620
2026-06-13,kakao,C0016,시즌오프 단독 특가 총정리,carousel,5489,4820,1941,275,7,3,40427,239201
2026-06-13,facebook,C0018,리뷰 이벤트 패키지 총정리,video,9042,6573,3970,234,2,0,48633,0
2026-06-13,instagram,C0019,베스트셀러 체험단 가이드,carousel,14936,13000,6062,622,12,2,98639,146000
2026-06-13,naver_blog,C0020,브랜드 협업 체험단 소개,blog_post,6215,4969,3298,493,14,5,0,340118
2026-06-13,instagram,C0025,브랜드 협업 세트 안내,carousel,6002,5122,3601,289,4,1,40112,69055
2026-06-13,naver_blog,C0038,재입고 알림 체험단 가이드,blog_post,4253,3265,1584,363,15,8,0,658961
2026-06-13,google_ads,C0041,시즌오프 단독 특가 후기,image,9235,5821,2167,394,11,4,83141,251395
2026-06-13,instagram,C0043,시즌오프 룩북 추천,reels,9708,7373,4261,409,8,2,57483,168886
2026-06-13,naver_blog,C0044,가을 신상 체험단 가이드,blog_post,2304,1808,1191,140,3,1,0,80147
2026-06-13,youtube,C0045,시즌오프 코디 안내,reels,15654,11473,5940,389,4,1,70493,46569
2026-06-13,facebook,C0048,브랜드 협업 패키지 모음,carousel,12425,8232,5783,189,3,0,55918,0
2026-06-13,instagram,C0049,직원 추천 세트 추천,reels,10771,7430,5037,304,4,1,65222,43512
2026-06-13,youtube,C0051,신규 입고 코디 후기,video,16055,10275,5326,367,5,1,64754,54031
2026-06-13,google_ads,C0053,베스트셀러 단독 특가 안내,video,12098,9774,4246,438,7,3,100537,197841
2026-06-13,google_ads,C0059,시즌오프 룩북 가이드,image,8887,7661,5111,304,11,4,78048,230796
2026-06-14,naver_blog,C0002,브랜드 협업 쿠폰 안내,blog_post,2725,1881,712,153,5,2,0,99727
2026-06-14,kakao,C0016,시즌오프 단독 특가 총정리,carousel,6096,4226,2800,281,12,2,41614,142018
2026-06-14,facebook,C0018,리뷰 이벤트 패키지 총정리,video,10729,7946,4520,242,5,0,60089,0
2026-06-14,instagram,C0019,베스트셀러 체험단 가이드,carousel,12770,7938,3982,555,11,4,92397,369217
2026-06-14,naver_blog,C0020,브랜드 협업 체험단 소개,blog_post,5430,4565,2826,341,12,3,0,201184
2026-06-14,kakao,C0028,직원 추천 쿠폰 소개,carousel,2250,1933,1318,127,6,2,19277,89339
2026-06-14,youtube,C0033,직원 추천 룩북 모음,reels,10015,8344,3151,137,1,0,38741,0
2026-06-14,google_ads,C0035,가을 신상 기획전 가이드,image,12801,10601,6458,472,11,2,100509,102298
2026-06-14,naver_blog,C0038,재입고 알림 체험단 가이드,blog_post,3467,2289,940,272,8,3,0,279164
2026-06-14,google_ads,C0041,시즌오프 단독 특가 후기,image,8538,5559,2269,351,12,5,66245,429879
2026-06-14,instagram,C0043,시즌오프 룩북 추천,reels,9011,6168,2970,419,11,2,67193,83419
2026-06-14,naver_blog,C0044,가을 신상 체험단 가이드,blog_post,2196,1788,791,122,5,1,0,40657
2026-06-14,facebook,C0048,브랜드 협업 패키지 모음,carousel,12106,8677,5060,193,3,0,66209,0
2026-06-14,instagram,C0049,직원 추천 세트 추천,reels,6819,5827,2995,148,4,1,42083,42348
2026-06-14,youtube,C0051,신규 입고 코디 후기,video,11903,9155,5987,276,2,0,45085,0
2026-06-14,google_ads,C0053,베스트셀러 단독 특가 안내,video,9084,6293,4259,267,8,2,76730,125319
2026-06-14,google_ads,C0059,시즌오프 룩북 가이드,image,7760,5375,2154,229,8,2,72579,168238
2026-06-15,instagram,C0001,가을 신상 단독 특가 모음,image,22489,18515,8940,967,22,9,146283,552248
2026-06-15,naver_blog,C0002,브랜드 협업 쿠폰 안내,blog_post,3256,2204,1501,214,4,2,0,138237
2026-06-15,kakao,C0016,시즌오프 단독 특가 총정리,carousel,9759,6726,4385,565,15,9,67031,779020
2026-06-15,facebook,C0018,리뷰 이벤트 패키지 총정리,video,13671,11459,7594,270,4,1,72407,90268
2026-06-15,instagram,C0019,베스트셀러 체험단 가이드,carousel,23484,20345,11363,1173,21,9,170122,603652
2026-06-15,naver_blog,C0020,브랜드 협업 체험단 소개,blog_post,7307,4701,2049,484,17,3,0,271452
2026-06-15,instagram,C0025,브랜드 협업 세트 안내,carousel,11522,9896,6554,516,7,2,84267,165180
2026-06-15,kakao,C0028,직원 추천 쿠폰 소개,carousel,4864,4230,2065,320,12,3,34310,142514
2026-06-15,youtube,C0033,직원 추천 룩북 모음,reels,21894,18081,12755,310,3,1,97294,91086
2026-06-15,google_ads,C0035,가을 신상 기획전 가이드,image,17724,13702,5684,552,17,3,170466,276550
2026-06-15,google_ads,C0041,시즌오프 단독 특가 후기,image,17597,15326,5547,701,26,13,145112,924368
2026-06-15,naver_blog,C0044,가을 신상 체험단 가이드,blog_post,3683,2511,1791,181,8,1,0,78993
2026-06-15,facebook,C0048,브랜드 협업 패키지 모음,carousel,13411,9184,3444,182,2,0,64760,0
2026-06-15,instagram,C0049,직원 추천 세트 추천,reels,15695,13340,7102,381,9,1,101389,87522
2026-06-15,youtube,C0051,신규 입고 코디 후기,video,22763,15075,5687,628,7,1,108558,44081
2026-06-15,google_ads,C0053,베스트셀러 단독 특가 안내,video,14727,11933,6591,616,11,4,137061,266202
2026-06-15,google_ads,C0059,시즌오프 룩북 가이드,image,17708,11738,7972,512,9,2,144549,156691
2026-06-16,instagram,C0001,가을 신상 단독 특가 모음,image,20721,14276,6483,784,12,4,148418,193789
2026-06-16,naver_blog,C0002,브랜드 협업 쿠폰 안내,blog_post,3549,2472,1470,219,5,0,0,0
2026-06-16,facebook,C0006,재입고 알림 기획전 소개,video,6934,5820,2701,163,2,0,30417,0
2026-06-16,instagram,C0007,브랜드 협업 세트 후기,reels,14673,12475,6071,643,12,3,87541,164312
2026-06-16,kakao,C0016,시즌오프 단독 특가 총정리,carousel,10481,8317,3174,487,21,12,80723,845377
2026-06-16,facebook,C0018,리뷰 이벤트 패키지 총정리,video,17577,12810,7021,457,7,2,87259,88685
2026-06-16,naver_blog,C0020,브랜드 협업 체험단 소개,blog_post,7560,6457,4172,605,23,5,0,408226
2026-06-16,youtube,C0033,직원 추천 룩북 모음,reels,14955,10918,7813,195,4,1,69106,54183
2026-06-16,google_ads,C0041,시즌오프 단독 특가 후기,image,13701,9910,4664,477,12,5,133909,371340
2026-06-16,instagram,C0043,시즌오프 룩북 추천,reels,16307,11867,4804,781,22,10,119507,709476
2026-06-16,naver_blog,C0044,가을 신상 체험단 가이드,blog_post,3013,2287,1091,164,5,1,0,73492
2026-06-16,youtube,C0045,시즌오프 코디 안내,reels,22462,17481,10604,437,8,1,86913,81016
2026-06-16,youtube,C0051,신규 입고 코디 후기,video,24807,17334,7864,599,10,1,115720,47391
2026-06-16,google_ads,C0059,시즌오프 룩북 가이드,image,17345,11968,6034,615,12,2,171276,161503
2026-06-17,instagram,C0001,가을 신상 단독 특가 모음,image,21589,17993,9727,788,16,5,124989,434106
2026-06-17,facebook,C0006,재입고 알림 기획전 소개,video,7283,6092,4018,161,2,0,38650,0
2026-06-17,instagram,C0007,브랜드 협업 세트 후기,reels,19860,14921,8730,755,11,3,132732,149301
2026-06-17,facebook,C0018,리뷰 이벤트 패키지 총정리,video,13764,9118,6209,343,6,1,66478,48959
2026-06-17,instagram,C0019,베스트셀러 체험단 가이드,carousel,26556,22382,13194,1385,27,7,147760,580416
2026-06-17,naver_blog,C0020,브랜드 협업 체험단 소개,blog_post,5592,4792,2825,434,9,2,0,168559
2026-06-17,kakao,C0028,직원 추천 쿠폰 소개,carousel,4001,2872,1375,202,8,3,32927,185530
2026-06-17,youtube,C0033,직원 추천 룩북 모음,reels,18156,14383,9521,230,3,0,71645,0
2026-06-17,google_ads,C0035,가을 신상 기획전 가이드,image,16238,14240,8359,627,14,5,163344,282167
2026-06-17,naver_blog,C0038,재입고 알림 체험단 가이드,blog_post,5547,4736,3068,495,18,7,0,542090
2026-06-17,google_ads,C0041,시즌오프 단독 특가 후기,image,17787,12227,6173,650,11,4,163542,201781
2026-06-17,instagram,C0043,시즌오프 룩북 추천,reels,14360,10899,6979,772,21,6,103012,517410
2026-06-17,youtube,C0045,시즌오프 코디 안내,reels,21426,13996,6238,574,10,1,94840,58459
2026-06-17,facebook,C0048,브랜드 협업 패키지 모음,carousel,14230,11576,5366,239,3,0,66754,0
2026-06-17,youtube,C0051,신규 입고 코디 후기,video,24863,19187,13419,499,9,2,115937,121983
2026-06-17,google_ads,C0053,베스트셀러 단독 특가 안내,video,12319,10373,4157,391,10,3,124395,195499
2026-06-17,google_ads,C0059,시즌오프 룩북 가이드,image,16217,13338,7074,572,11,4,124266,220176
2026-06-17,facebook,C0060,한정 수량 기획전 가이드,video,6526,5343,2837,128,1,0,33936,0
2026-06-18,instagram,C0001,가을 신상 단독 특가 모음,image,21635,15569,5666,804,17,2,133126,171655
2026-06-18,naver_blog,C0002,브랜드 협업 쿠폰 안내,blog_post,3786,2964,1310,242,7,1,0,61095
2026-06-18,facebook,C0006,재입고 알림 기획전 소개,video,9621,6710,3070,258,4,0,53704,0
2026-06-18,kakao,C0016,시즌오프 단독 특가 총정리,carousel,10555,7529,3160,617,34,12,72712,959931
2026-06-18,facebook,C0018,리뷰 이벤트 패키지 총정리,video,15996,12370,5102,343,6,0,89014,0
2026-06-18,instagram,C0019,베스트셀러 체험단 가이드,carousel,21094,13344,9581,1094,29,4,144916,251690
2026-06-18,naver_blog,C0020,브랜드 협업 체험단 소개,blog_post,7301,5427,2206,588,22,6,0,458349
2026-06-18,facebook,C0024,시즌오프 룩북 안내,carousel,6059,3972,2610,76,1,0,26786,0
2026-06-18,instagram,C0025,브랜드 협업 세트 안내,carousel,8576,5762,2577,417,7,2,52321,84334
2026-06-18,kakao,C0028,직원 추천 쿠폰 소개,carousel,3418,2948,1392,153,7,4,28213,307184
2026-06-18,youtube,C0033,직원 추천 룩북 모음,reels,13811,10400,6424,155,1,0,66509,0
2026-06-18,google_ads,C0035,가을 신상 기획전 가이드,image,19626,12677,5256,540,12,5,166709,403098
2026-06-18,facebook,C0036,직원 추천 기획전 총정리,image,13402,8469,5633,304,3,0,65757,0
2026-06-18,naver_blog,C0038,재입고 알림 체험단 가이드,blog_post,5604,3609,2351,389,12,6,0,329704
2026-06-18,instagram,C0043,시즌오프 룩북 추천,reels,17240,14260,5587,860,13,6,100609,377289
2026-06-18,naver_blog,C0044,가을 신상 체험단 가이드,blog_post,3668,2921,1218,197,6,1,0,77645
2026-06-18,google_ads,C0047,한정 수량 세트 후기,image,18635,12100,6076,478,10,2,178007,154572
2026-06-18,facebook,C0048,브랜드 협업 패키지 모음,carousel,15327,11754,8366,247,3,0,81246,0
2026-06-18,instagram,C0049,직원 추천 세트 추천,reels,13348,9138,4367,364,7,2,88280,188657
2026-06-18,youtube,C0051,신규 입고 코디 후기,video,21670,14319,9508,599,11,1,90785,53249
2026-06-18,google_ads,C0059,시즌오프 룩북 가이드,image,12133,9551,4767,363,9,4,107496,348449
2026-06-18,facebook,C0060,한정 수량 기획전 가이드,video,6092,4564,2700,91,1,0,25892,0
2026-06-19,instagram,C0001,가을 신상 단독 특가 모음,image,17199,13431,6214,729,13,4,126897,239935
2026-06-19,naver_blog,C0002,브랜드 협업 쿠폰 안내,blog_post,2791,2060,1147,173,5,2,0,158750
2026-06-19,facebook,C0006,재입고 알림 기획전 소개,video,6639,4705,3091,193,2,0,35207,0
2026-06-19,instagram,C0007,브랜드 협업 세트 후기,reels,12748,8369,5148,621,10,3,75094,273485
2026-06-19,kakao,C0016,시즌오프 단독 특가 총정리,carousel,8011,6594,4056,335,13,7,66165,506692
2026-06-19,facebook,C0018,리뷰 이벤트 패키지 총정리,video,13007,10291,7242,252,4,0,56227,0
2026-06-19,naver_blog,C0020,브랜드 협업 체험단 소개,blog_post,6586,4953,3421,428,15,7,0,329426
2026-06-19,facebook,C0024,시즌오프 룩북 안내,carousel,6386,4796,2361,114,2,0,29761,0
2026-06-19,youtube,C0033,직원 추천 룩북 모음,reels,13213,9609,5851,194,2,0,61499,0
2026-06-19,google_ads,C0035,가을 신상 기획전 가이드,image,22665,17780,7544,803,18,5,214533,469867
2026-06-19,facebook,C0036,직원 추천 기획전 총정리,image,13588,10204,6192,268,3,0,67539,0
2026-06-19,naver_blog,C0038,재입고 알림 체험단 가이드,blog_post,4755,3464,2170,430,12,6,0,506740
2026-06-19,google_ads,C0041,시즌오프 단독 특가 후기,image,10502,8341,3536,442,9,2,87445,172331
2026-06-19,instagram,C0043,시즌오프 룩북 추천,reels,13414,10944,3961,698,11,4,93455,350265
2026-06-19,naver_blog,C0044,가을 신상 체험단 가이드,blog_post,3059,2085,1334,194,5,2,0,181913
2026-06-19,facebook,C0048,브랜드 협업 패키지 모음,carousel,14106,8793,3895,223,4,1,77512,90131
2026-06-19,instagram,C0049,직원 추천 세트 추천,reels,12351,10082,5567,328,9,4,75324,199033
2026-06-19,youtube,C0051,신규 입고 코디 후기,video,15885,10566,5706,366,5,1,59312,72119
2026-06-19,google_ads,C0053,베스트셀러 단독 특가 안내,video,13005,10462,4260,404,9,1,132227,73858
2026-06-19,google_ads,C0059,시즌오프 룩북 가이드,image,13057,10039,4843,487,11,2,106368,87499
2026-06-19,facebook,C0060,한정 수량 기획전 가이드,video,6716,5101,1958,106,1,0,32177,0
2026-06-20,instagram,C0001,가을 신상 단독 특가 모음,image,15117,11457,8234,721,23,3,103240,193535
2026-06-20,facebook,C0006,재입고 알림 기획전 소개,video,6715,5837,3517,153,3,0,32425,0
2026-06-20,instagram,C0007,브랜드 협업 세트 후기,reels,11213,9608,6285,477,14,4,62910,357621
2026-06-20,kakao,C0016,시즌오프 단독 특가 총정리,carousel,6769,5865,2416,397,17,3,44149,230605
2026-06-20,facebook,C0018,리뷰 이벤트 패키지 총정리,video,12949,9456,3673,298,5,1,70090,75560
2026-06-20,naver_blog,C0020,브랜드 협업 체험단 소개,blog_post,4510,3334,1576,281,6,2,0,141389
2026-06-20,facebook,C0024,시즌오프 룩북 안내,carousel,3870,2789,1626,56,0,0,19552,0
2026-06-20,instagram,C0025,브랜드 협업 세트 안내,carousel,8178,6677,3783,426,6,2,46876,166558
2026-06-20,kakao,C0028,직원 추천 쿠폰 소개,carousel,2428,1988,1017,130,6,2,18392,95001
2026-06-20,youtube,C0033,직원 추천 룩북 모음,reels,15260,11626,8199,175,2,0,69764,0
2026-06-20,google_ads,C0035,가을 신상 기획전 가이드,image,14312,12406,6882,493,9,1,132542,69543
2026-06-20,naver_blog,C0038,재입고 알림 체험단 가이드,blog_post,4050,3462,1652,311,12,4,0,195409
2026-06-20,youtube,C0039,여름 클리어런스 세트 총정리,video,23173,15459,9984,647,12,4,111759,261478
2026-06-20,google_ads,C0041,시즌오프 단독 특가 후기,image,9384,5982,2311,391,10,2,75036,152102
2026-06-20,instagram,C0043,시즌오프 룩북 추천,reels,13004,11105,5192,589,15,3,86660,213316
2026-06-20,naver_blog,C0044,가을 신상 체험단 가이드,blog_post,2213,1618,569,112,3,1,0,63986
2026-06-20,youtube,C0045,시즌오프 코디 안내,reels,22037,18692,9743,496,6,1,83552,73364
2026-06-20,google_ads,C0047,한정 수량 세트 후기,image,13887,9115,5006,394,14,2,109062,82049
2026-06-20,facebook,C0048,브랜드 협업 패키지 모음,carousel,8642,6665,3331,135,3,0,43773,0
2026-06-20,youtube,C0051,신규 입고 코디 후기,video,17590,12578,5441,473,8,1,73095,68072
2026-06-20,google_ads,C0053,베스트셀러 단독 특가 안내,video,11679,9253,6141,473,14,3,105556,193626
2026-06-20,google_ads,C0059,시즌오프 룩북 가이드,image,13188,10437,7390,484,13,3,108679,200460
2026-06-20,facebook,C0060,한정 수량 기획전 가이드,video,5380,3395,1447,111,1,0,26533,0
2026-06-21,instagram,C0001,가을 신상 단독 특가 모음,image,15366,10821,6604,655,19,8,92787,559514
2026-06-21,naver_blog,C0002,브랜드 협업 쿠폰 안내,blog_post,2644,1890,1118,177,6,1,0,89898
2026-06-21,facebook,C0006,재입고 알림 기획전 소개,video,6919,5165,2729,177,3,0,31124,0
2026-06-21,instagram,C0007,브랜드 협업 세트 후기,reels,12445,8400,3520,526,14,2,74348,169228
2026-06-21,youtube,C0009,한정 수량 세트 후기,reels,19189,14286,6113,247,4,0,69547,0
2026-06-21,kakao,C0010,베스트셀러 룩북 소개,image,5168,4050,1476,318,8,2,35039,185406
2026-06-21,kakao,C0016,시즌오프 단독 특가 총정리,carousel,6402,4000,2464,338,11,2,47283,189205
2026-06-21,instagram,C0019,베스트셀러 체험단 가이드,carousel,17053,13236,8524,937,16,5,103014,399151
2026-06-21,naver_blog,C0020,브랜드 협업 체험단 소개,blog_post,4917,3803,1654,350,8,2,0,174555
2026-06-21,facebook,C0024,시즌오프 룩북 안내,carousel,3351,2161,1136,52,0,0,16771,0
2026-06-21,instagram,C0025,브랜드 협업 세트 안내,carousel,7064,4619,2648,385,12,4,47971,274849
2026-06-21,kakao,C0028,직원 추천 쿠폰 소개,carousel,2180,1651,718,137,7,2,16786,161553
2026-06-21,youtube,C0033,직원 추천 룩북 모음,reels,13468,8692,3472,178,2,0,52887,0
2026-06-21,facebook,C0036,직원 추천 기획전 총정리,image,7075,5690,3653,155,1,0,37015,0
2026-06-21,naver_blog,C0038,재입고 알림 체험단 가이드,blog_post,3020,2156,878,255,7,3,0,189887
2026-06-21,youtube,C0039,여름 클리어런스 세트 총정리,video,27530,22472,11301,750,11,2,117530,107915
2026-06-21,google_ads,C0041,시즌오프 단독 특가 후기,image,8922,7168,4460,389,12,5,79011,392310
2026-06-21,instagram,C0043,시즌오프 룩북 추천,reels,9709,7030,3340,458,12,4,56685,372205
2026-06-21,naver_blog,C0044,가을 신상 체험단 가이드,blog_post,1789,1176,814,98,2,0,0,0
2026-06-21,youtube,C0045,시즌오프 코디 안내,reels,17165,15035,8677,413,7,1,81732,85112
2026-06-21,google_ads,C0047,한정 수량 세트 후기,image,10538,7086,4202,370,8,1,97673,68369
2026-06-21,facebook,C0048,브랜드 협업 패키지 모음,carousel,8697,5473,2400,105,1,0,47133,0
2026-06-21,instagram,C0049,직원 추천 세트 추천,reels,8260,6379,3454,230,3,0,50218,0
2026-06-21,youtube,C0051,신규 입고 코디 후기,video,17235,12245,8650,380,6,1,81718,71619
2026-06-21,google_ads,C0053,베스트셀러 단독 특가 안내,video,10269,6651,2505,340,12,5,105083,440931
2026-06-21,google_ads,C0059,시즌오프 룩북 가이드,image,10315,8257,5841,354,12,5,105680,326183
2026-06-21,facebook,C0060,한정 수량 기획전 가이드,video,5544,3476,1366,81,1,0,29191,0
2026-06-22,instagram,C0001,가을 신상 단독 특가 모음,image,16403,14244,7707,557,16,3,93601,231160
2026-06-22,naver_blog,C0002,브랜드 협업 쿠폰 안내,blog_post,2821,2432,1280,157,7,2,0,184182
2026-06-22,facebook,C0006,재입고 알림 기획전 소개,video,7243,5875,3953,157,2,0,37503,0
2026-06-22,instagram,C0007,브랜드 협업 세트 후기,reels,13604,11689,7013,649,16,6,89526,253946
2026-06-22,naver_blog,C0008,신규 입고 기획전 소개,blog_post,6139,4592,3281,381,17,6,0,564850
2026-06-22,youtube,C0009,한정 수량 세트 후기,reels,24321,18725,6928,405,5,1,102224,61654
2026-06-22,kakao,C0010,베스트셀러 룩북 소개,image,7600,6641,4040,448,21,4,52053,287821
2026-06-22,kakao,C0016,시즌오프 단독 특가 총정리,carousel,9559,6572,3634,424,17,7,68808,472026
2026-06-22,facebook,C0018,리뷰 이벤트 패키지 총정리,video,16221,11627,7744,335,4,0,82951,0
2026-06-22,instagram,C0019,베스트셀러 체험단 가이드,carousel,17074,11784,5152,809,17,3,126268,144675
2026-06-22,naver_blog,C0020,브랜드 협업 체험단 소개,blog_post,6155,4615,3315,524,18,8,0,665546
2026-06-22,facebook,C0024,시즌오프 룩북 안내,carousel,6126,4432,2683,75,1,0,31823,0
2026-06-22,instagram,C0025,브랜드 협업 세트 안내,carousel,9535,6806,3793,539,10,1,54935,87705
2026-06-22,youtube,C0033,직원 추천 룩북 모음,reels,18561,14640,6069,276,3,0,77663,0
2026-06-22,google_ads,C0035,가을 신상 기획전 가이드,image,24579,17674,8059,873,17,3,241632,175669
2026-06-22,facebook,C0036,직원 추천 기획전 총정리,image,12656,10640,4004,233,3,0,59319,0
2026-06-22,naver_blog,C0038,재입고 알림 체험단 가이드,blog_post,5201,3591,1847,474,14,5,0,465519
2026-06-22,youtube,C0039,여름 클리어런스 세트 총정리,video,28042,22692,13500,808,14,1,106007,45665
2026-06-22,google_ads,C0041,시즌오프 단독 특가 후기,image,16782,12797,4603,615,20,4,140274,194160
2026-06-22,instagram,C0043,시즌오프 룩북 추천,reels,19702,13799,6092,832,21,4,141068,166285
2026-06-22,naver_blog,C0044,가을 신상 체험단 가이드,blog_post,3872,2728,1435,261,9,2,0,128932
2026-06-22,youtube,C0045,시즌오프 코디 안내,reels,22279,17274,10079,560,8,1,97488,57031
2026-06-22,google_ads,C0047,한정 수량 세트 후기,image,16166,13405,6883,479,10,2,123673,169691
2026-06-22,facebook,C0048,브랜드 협업 패키지 모음,carousel,14009,10394,3669,247,5,1,59730,63673
2026-06-22,instagram,C0049,직원 추천 세트 추천,reels,11004,6843,3341,270,6,1,64300,80541
2026-06-22,youtube,C0051,신규 입고 코디 후기,video,19549,13457,6812,424,7,2,89681,155310
2026-06-22,google_ads,C0053,베스트셀러 단독 특가 안내,video,17613,14623,7352,726,15,4,165026,295900
2026-06-22,google_ads,C0059,시즌오프 룩북 가이드,image,15391,10293,3676,423,12,2,121991,109611
2026-06-22,facebook,C0060,한정 수량 기획전 가이드,video,8628,5871,2382,153,2,0,47015,0
2026-06-23,naver_blog,C0002,브랜드 협업 쿠폰 안내,blog_post,4219,2978,1971,295,6,2,0,87852
2026-06-23,kakao,C0004,베스트셀러 쿠폰 추천,image,6436,5357,3516,312,15,4,52197,257451
2026-06-23,facebook,C0006,재입고 알림 기획전 소개,video,6722,4973,3159,166,3,0,35439,0
2026-06-23,instagram,C0007,브랜드 협업 세트 후기,reels,15877,12440,4548,835,20,4,107489,203719
2026-06-23,kakao,C0010,베스트셀러 룩북 소개,image,7528,5906,2776,391,13,3,61357,121473
2026-06-23,kakao,C0016,시즌오프 단독 특가 총정리,carousel,10627,7901,4508,500,14,3,69932,222076
2026-06-23,naver_blog,C0020,브랜드 협업 체험단 소개,blog_post,5890,4638,2826,491,12,3,0,281976
2026-06-23,facebook,C0024,시즌오프 룩북 안내,carousel,7025,5156,2172,113,1,0,39325,0
2026-06-23,instagram,C0025,브랜드 협업 세트 안내,carousel,10357,7214,4385,437,7,1,72014,55142
2026-06-23,kakao,C0028,직원 추천 쿠폰 소개,carousel,5117,3910,1468,247,8,2,36847,80079
2026-06-23,youtube,C0033,직원 추천 룩북 모음,reels,17281,11547,4121,264,4,0,77392,0
2026-06-23,google_ads,C0035,가을 신상 기획전 가이드,image,21571,15547,8456,727,21,8,183806,601997
2026-06-23,facebook,C0036,직원 추천 기획전 총정리,image,12713,8102,5339,230,5,0,63286,0
2026-06-23,naver_blog,C0038,재입고 알림 체험단 가이드,blog_post,5166,4326,2567,415,16,4,0,240597
2026-06-23,youtube,C0039,여름 클리어런스 세트 총정리,video,46022,31031,16502,1303,12,3,167818,212073
2026-06-23,facebook,C0042,시즌오프 패키지 추천,video,12817,10307,6748,208,2,0,60314,0
2026-06-23,youtube,C0045,시즌오프 코디 안내,reels,30406,23054,9684,733,8,2,115403,162411
2026-06-23,google_ads,C0047,한정 수량 세트 후기,image,13088,10287,4962,403,12,5,106017,249609
2026-06-23,facebook,C0048,브랜드 협업 패키지 모음,carousel,14359,9493,6829,211,3,0,82380,0
2026-06-23,instagram,C0049,직원 추천 세트 추천,reels,12237,10018,5102,340,8,2,72714,164227
2026-06-23,google_ads,C0053,베스트셀러 단독 특가 안내,video,19882,14640,7274,783,30,11,179883,1041014
2026-06-23,google_ads,C0059,시즌오프 룩북 가이드,image,13426,9098,6064,364,12,4,112712,281805
2026-06-23,facebook,C0060,한정 수량 기획전 가이드,video,9667,6382,2322,162,1,0,49526,0
2026-06-24,instagram,C0001,가을 신상 단독 특가 모음,image,21077,13571,6757,1040,29,11,149038,544606
2026-06-24,naver_blog,C0002,브랜드 협업 쿠폰 안내,blog_post,3957,3046,2089,243,7,3,0,215086
2026-06-24,kakao,C0004,베스트셀러 쿠폰 추천,image,6126,4352,2838,339,18,10,42178,759028
2026-06-24,facebook,C0006,재입고 알림 기획전 소개,video,6503,5346,2627,147,1,0,29096,0
2026-06-24,instagram,C0007,브랜드 협업 세트 후기,reels,14709,9312,5779,630,14,4,95744,208858
2026-06-24,naver_blog,C0008,신규 입고 기획전 소개,blog_post,5536,3622,1378,305,6,2,0,89358
2026-06-24,youtube,C0009,한정 수량 세트 후기,reels,23245,15227,8480,344,5,0,101026,0
2026-06-24,kakao,C0010,베스트셀러 룩북 소개,image,7999,5108,3255,445,25,6,63083,379768
2026-06-24,kakao,C0016,시즌오프 단독 특가 총정리,carousel,8316,6439,2311,380,22,10,71541,643215
2026-06-24,facebook,C0018,리뷰 이벤트 패키지 총정리,video,11495,9572,4057,247,5,1,50791,42999
2026-06-24,instagram,C0025,브랜드 협업 세트 안내,carousel,7942,6356,2486,375,5,1,52211,51209
2026-06-24,kakao,C0028,직원 추천 쿠폰 소개,carousel,3658,2727,1690,175,8,1,28118,76494
2026-06-24,youtube,C0033,직원 추천 룩북 모음,reels,15077,10461,6715,211,2,0,53983,0
2026-06-24,google_ads,C0035,가을 신상 기획전 가이드,image,18392,15477,9197,711,12,5,172947,263571
2026-06-24,facebook,C0036,직원 추천 기획전 총정리,image,15274,9865,4604,372,6,0,76384,0
2026-06-24,naver_blog,C0038,재입고 알림 체험단 가이드,blog_post,5941,3716,1640,479,14,4,0,194541
2026-06-24,youtube,C0039,여름 클리어런스 세트 총정리,video,39501,26916,19162,968,18,4,184751,355888
2026-06-24,google_ads,C0041,시즌오프 단독 특가 후기,image,10893,8325,3776,358,13,5,85913,305106
2026-06-24,instagram,C0043,시즌오프 룩북 추천,reels,17722,12035,5282,706,23,10,109293,698228
2026-06-24,naver_blog,C0044,가을 신상 체험단 가이드,blog_post,2713,2063,1332,176,5,2,0,137618
2026-06-24,facebook,C0048,브랜드 협업 패키지 모음,carousel,18661,16019,7488,288,6,0,88199,0
2026-06-24,youtube,C0051,신규 입고 코디 후기,video,23802,20203,10166,557,7,2,111788,182657
2026-06-24,google_ads,C0053,베스트셀러 단독 특가 안내,video,18067,11703,4896,721,21,5,165873,263500
2026-06-24,google_ads,C0059,시즌오프 룩북 가이드,image,16010,11421,6905,532,14,5,153254,302838
2026-06-25,instagram,C0001,가을 신상 단독 특가 모음,image,14370,9631,3485,671,9,2,90968,161660
2026-06-25,kakao,C0004,베스트셀러 쿠폰 추천,image,4065,3500,2501,267,11,3,30099,160719
2026-06-25,facebook,C0006,재입고 알림 기획전 소개,video,6383,5177,2540,145,2,0,32813,0
2026-06-25,instagram,C0007,브랜드 협업 세트 후기,reels,19541,16113,8743,858,25,4,145910,274114
2026-06-25,naver_blog,C0008,신규 입고 기획전 소개,blog_post,6286,4808,2600,354,7,2,0,123784
2026-06-25,youtube,C0009,한정 수량 세트 후기,reels,26908,19638,11328,329,5,0,124198,0
2026-06-25,kakao,C0010,베스트셀러 룩북 소개,image,9797,6362,4059,690,33,8,71572,518389
2026-06-25,kakao,C0016,시즌오프 단독 특가 총정리,carousel,9187,7398,3142,447,15,7,77318,586647
2026-06-25,facebook,C0018,리뷰 이벤트 패키지 총정리,video,11625,7552,3898,249,4,0,63200,0
2026-06-25,instagram,C0019,베스트셀러 체험단 가이드,carousel,25397,18246,8955,1370,43,14,172981,675569
2026-06-25,facebook,C0024,시즌오프 룩북 안내,carousel,6366,4641,2155,106,1,0,28178,0
2026-06-25,instagram,C0025,브랜드 협업 세트 안내,carousel,8597,6721,2981,408,12,4,47594,354194
2026-06-25,kakao,C0028,직원 추천 쿠폰 소개,carousel,4181,3109,1559,194,8,2,31802,148174
2026-06-25,youtube,C0033,직원 추천 룩북 모음,reels,20196,12778,5173,287,2,0,89072,0
2026-06-25,google_ads,C0035,가을 신상 기획전 가이드,image,17969,15440,5684,586,12,4,167110,312132
2026-06-25,facebook,C0036,직원 추천 기획전 총정리,image,13574,9042,4688,298,6,0,63783,0
2026-06-25,naver_blog,C0038,재입고 알림 체험단 가이드,blog_post,4427,2822,1433,359,10,2,0,156408
2026-06-25,youtube,C0039,여름 클리어런스 세트 총정리,video,36212,29002,16718,748,13,3,174319,199804
2026-06-25,google_ads,C0041,시즌오프 단독 특가 후기,image,16681,14619,6670,666,15,5,172424,297309
2026-06-25,facebook,C0042,시즌오프 패키지 추천,video,13358,10086,5888,238,3,0,70969,0
2026-06-25,naver_blog,C0044,가을 신상 체험단 가이드,blog_post,2428,1900,747,156,6,3,0,188316
2026-06-25,youtube,C0045,시즌오프 코디 안내,reels,27585,17183,7293,600,11,2,116089,115631
2026-06-25,google_ads,C0047,한정 수량 세트 후기,image,16829,11927,7371,552,9,2,143759,117173
2026-06-25,facebook,C0048,브랜드 협업 패키지 모음,carousel,17833,14752,8687,267,5,1,90153,58431
2026-06-25,instagram,C0049,직원 추천 세트 추천,reels,11818,9608,6331,277,7,1,77643,51454
2026-06-25,youtube,C0051,신규 입고 코디 후기,video,23248,19781,9511,670,8,1,111807,74458
2026-06-25,google_ads,C0053,베스트셀러 단독 특가 안내,video,15798,11394,6497,653,21,8,134269,333916
2026-06-25,google_ads,C0059,시즌오프 룩북 가이드,image,14065,9589,4959,556,12,3,111859,249515
2026-06-25,facebook,C0060,한정 수량 기획전 가이드,video,9083,6679,2399,160,2,0,51186,0
2026-06-26,instagram,C0001,가을 신상 단독 특가 모음,image,16540,13589,5476,803,24,11,113209,520293
2026-06-26,naver_blog,C0002,브랜드 협업 쿠폰 안내,blog_post,3174,2556,1388,150,7,3,0,218057
2026-06-26,kakao,C0004,베스트셀러 쿠폰 추천,image,3738,2823,1676,198,8,2,31333,115296
2026-06-26,facebook,C0006,재입고 알림 기획전 소개,video,6850,4815,2471,142,1,0,29269,0
2026-06-26,instagram,C0007,브랜드 협업 세트 후기,reels,15429,10394,4985,641,10,3,93767,160396
2026-06-26,naver_blog,C0008,신규 입고 기획전 소개,blog_post,5535,3919,2014,252,8,3,0,137477
2026-06-26,youtube,C0009,한정 수량 세트 후기,reels,21454,16626,9465,362,6,1,85036,84959
2026-06-26,kakao,C0010,베스트셀러 룩북 소개,image,8912,6761,4802,588,24,6,73113,543497
2026-06-26,kakao,C0016,시즌오프 단독 특가 총정리,carousel,8005,6387,3913,391,12,3,66541,221795
2026-06-26,instagram,C0019,베스트셀러 체험단 가이드,carousel,21239,16841,10809,1193,27,4,137031,237316
2026-06-26,naver_blog,C0020,브랜드 협업 체험단 소개,blog_post,5549,4548,2608,352,8,4,0,335286
2026-06-26,google_ads,C0023,신규 입고 세트 후기,video,29435,22326,11125,944,28,10,302577,611099
2026-06-26,facebook,C0024,시즌오프 룩북 안내,carousel,6202,4798,3071,90,1,0,28555,0
2026-06-26,instagram,C0025,브랜드 협업 세트 안내,carousel,7420,6396,3597,356,9,2,49027,170422
2026-06-26,kakao,C0028,직원 추천 쿠폰 소개,carousel,4578,2921,1139,288,14,5,34276,381545
2026-06-26,youtube,C0033,직원 추천 룩북 모음,reels,18744,15945,10909,264,2,0,70440,0
2026-06-26,google_ads,C0035,가을 신상 기획전 가이드,image,17588,13547,5722,637,15,5,177914,283751
2026-06-26,naver_blog,C0038,재입고 알림 체험단 가이드,blog_post,5448,3865,1480,348,16,5,0,235077
2026-06-26,youtube,C0039,여름 클리어런스 세트 총정리,video,34130,21632,13200,943,12,3,159071,158814
2026-06-26,google_ads,C0041,시즌오프 단독 특가 후기,image,12091,8496,4176,440,12,4,107998,201409
2026-06-26,facebook,C0042,시즌오프 패키지 추천,video,14624,12260,4990,314,6,0,63725,0
2026-06-26,instagram,C0043,시즌오프 룩북 추천,reels,16599,12391,6339,918,14,5,105169,325407
2026-06-26,naver_blog,C0044,가을 신상 체험단 가이드,blog_post,3123,2281,950,177,6,2,0,119083
2026-06-26,youtube,C0045,시즌오프 코디 안내,reels,24976,20984,9182,596,8,2,100712,187605
2026-06-26,kakao,C0046,직원 추천 패키지 안내,image,10748,6979,3686,675,20,10,92304,941017
2026-06-26,google_ads,C0047,한정 수량 세트 후기,image,14090,9022,6128,369,10,4,144325,177178
2026-06-26,facebook,C0048,브랜드 협업 패키지 모음,carousel,15797,11077,4093,223,4,0,79285,0
2026-06-26,instagram,C0049,직원 추천 세트 추천,reels,12847,9371,6610,366,7,1,94098,81218
2026-06-26,youtube,C0051,신규 입고 코디 후기,video,19432,12358,6488,409,3,1,89177,74337
2026-06-26,google_ads,C0053,베스트셀러 단독 특가 안내,video,11243,8448,5618,370,7,1,112050,40781
2026-06-26,naver_blog,C0056,여름 클리어런스 단독 특가 총정리,blog_post,3143,2432,987,206,8,2,0,157085
2026-06-26,google_ads,C0059,시즌오프 룩북 가이드,image,15494,10987,4188,445,16,3,139276,283941
2026-06-26,facebook,C0060,한정 수량 기획전 가이드,video,6092,4474,2621,96,1,0,31759,0
2026-06-27,instagram,C0001,가을 신상 단독 특가 모음,image,10845,7196,3580,422,12,4,71180,243556
2026-06-27,naver_blog,C0002,브랜드 협업 쿠폰 안내,blog_post,2626,1727,1160,125,5,1,0,77317
2026-06-27,kakao,C0004,베스트셀러 쿠폰 추천,image,3059,2626,1538,207,8,4,25408,233692
2026-06-27,facebook,C0006,재입고 알림 기획전 소개,video,5060,3998,1977,138,2,0,25973,0
2026-06-27,instagram,C0007,브랜드 협업 세트 후기,reels,11557,9239,3848,527,14,5,64121,226867
2026-06-27,naver_blog,C0008,신규 입고 기획전 소개,blog_post,4185,2833,1288,196,4,0,0,0
2026-06-27,youtube,C0009,한정 수량 세트 후기,reels,24502,21246,12452,395,4,1,91482,76101
2026-06-27,google_ads,C0011,신규 입고 코디 가이드,image,12990,11079,6729,281,7,3,121777,272244
2026-06-27,kakao,C0016,시즌오프 단독 특가 총정리,carousel,6476,5536,3514,298,9,2,52607,122107
2026-06-27,facebook,C0018,리뷰 이벤트 패키지 총정리,video,8542,7418,3322,189,3,0,44123,0
2026-06-27,instagram,C0019,베스트셀러 체험단 가이드,carousel,15792,10381,6585,682,18,8,109281,365446
2026-06-27,naver_blog,C0020,브랜드 협업 체험단 소개,blog_post,5649,3870,1992,489,12,5,0,456545
2026-06-27,google_ads,C0023,신규 입고 세트 후기,video,23194,19835,11159,775,29,10,204741,864227
2026-06-27,facebook,C0024,시즌오프 룩북 안내,carousel,5029,3824,1343,89,1,0,25652,0
2026-06-27,kakao,C0028,직원 추천 쿠폰 소개,carousel,3339,2417,1411,221,6,2,28505,88850
2026-06-27,youtube,C0033,직원 추천 룩북 모음,reels,15054,11868,4929,164,2,0,66942,0
2026-06-27,facebook,C0036,직원 추천 기획전 총정리,image,8438,5417,3164,196,2,0,44971,0
2026-06-27,instagram,C0037,리뷰 이벤트 세트 후기,reels,8090,5148,2831,208,5,2,51785,189541
2026-06-27,naver_blog,C0038,재입고 알림 체험단 가이드,blog_post,2803,2311,845,189,8,3,0,195631
2026-06-27,google_ads,C0041,시즌오프 단독 특가 후기,image,10897,9376,3409,357,11,3,110371,127557
2026-06-27,facebook,C0042,시즌오프 패키지 추천,video,8075,5368,1978,133,2,0,36386,0
2026-06-27,instagram,C0043,시즌오프 룩북 추천,reels,14220,9209,4917,736,13,5,90383,423168
2026-06-27,youtube,C0045,시즌오프 코디 안내,reels,18003,15729,8857,367,6,1,81606,72619
2026-06-27,kakao,C0046,직원 추천 패키지 안내,image,6486,4259,2144,408,17,6,54857,253430
2026-06-27,google_ads,C0047,한정 수량 세트 후기,image,13820,10769,6867,349,9,1,112417,44902
2026-06-27,facebook,C0048,브랜드 협업 패키지 모음,carousel,13471,9809,6363,225,4,0,70180,0
2026-06-27,instagram,C0049,직원 추천 세트 추천,reels,9028,7799,4491,187,3,0,66609,0
2026-06-27,youtube,C0051,신규 입고 코디 후기,video,17647,12537,4409,382,3,0,65127,0
2026-06-27,google_ads,C0053,베스트셀러 단독 특가 안내,video,13190,10028,4323,527,16,4,107802,335254
2026-06-27,naver_blog,C0056,여름 클리어런스 단독 특가 총정리,blog_post,3804,2827,1173,273,6,2,0,111357
2026-06-27,google_ads,C0059,시즌오프 룩북 가이드,image,12415,10145,3713,456,17,4,121304,266713
2026-06-27,facebook,C0060,한정 수량 기획전 가이드,video,6893,5566,3168,114,1,0,32662,0
2026-06-28,instagram,C0001,가을 신상 단독 특가 모음,image,11312,7301,4548,549,11,2,72888,133284
2026-06-28,kakao,C0004,베스트셀러 쿠폰 추천,image,4449,3284,1620,217,10,4,38127,204486
2026-06-28,facebook,C0006,재입고 알림 기획전 소개,video,6406,4071,1630,179,2,0,30526,0
2026-06-28,naver_blog,C0008,신규 입고 기획전 소개,blog_post,4545,3571,2057,211,10,5,0,223780
2026-06-28,youtube,C0009,한정 수량 세트 후기,reels,24168,18701,12336,328,5,1,93790,58001
2026-06-28,kakao,C0010,베스트셀러 룩북 소개,image,7442,5759,2333,459,11,6,48113,395315
2026-06-28,google_ads,C0011,신규 입고 코디 가이드,image,7453,5650,2979,200,7,2,61855,141433
2026-06-28,kakao,C0016,시즌오프 단독 특가 총정리,carousel,6924,6002,2395,315,14,3,51615,170298
2026-06-28,facebook,C0018,리뷰 이벤트 패키지 총정리,video,11917,9703,3483,265,5,1,57893,83442
2026-06-28,instagram,C0019,베스트셀러 체험단 가이드,carousel,14374,11279,7538,580,18,4,80333,253698
2026-06-28,naver_blog,C0020,브랜드 협업 체험단 소개,blog_post,6157,4685,3016,513,11,5,0,402334
2026-06-28,facebook,C0024,시즌오프 룩북 안내,carousel,4851,3147,1527,76,1,0,24682,0
2026-06-28,instagram,C0025,브랜드 협업 세트 안내,carousel,7874,5300,3779,340,5,1,57923,71906
2026-06-28,youtube,C0033,직원 추천 룩북 모음,reels,13764,9340,4487,167,2,0,50236,0
2026-06-28,google_ads,C0035,가을 신상 기획전 가이드,image,14009,10603,4192,512,16,5,118223,370761
2026-06-28,facebook,C0036,직원 추천 기획전 총정리,image,10244,8505,5937,180,4,0,44768,0
2026-06-28,naver_blog,C0038,재입고 알림 체험단 가이드,blog_post,4085,2648,1197,351,12,6,0,411826
2026-06-28,youtube,C0039,여름 클리어런스 세트 총정리,video,31178,23719,9460,716,10,2,122757,86924
2026-06-28,facebook,C0042,시즌오프 패키지 추천,video,11188,8811,4425,187,3,0,57506,0
2026-06-28,instagram,C0043,시즌오프 룩북 추천,reels,13263,9758,4513,523,15,3,80002,199900
2026-06-28,youtube,C0045,시즌오프 코디 안내,reels,14095,10032,5203,291,5,1,55385,93526
2026-06-28,kakao,C0046,직원 추천 패키지 안내,image,8101,6426,2614,423,11,3,53949,162967
2026-06-28,google_ads,C0047,한정 수량 세트 후기,image,11209,7050,3294,329,8,2,90669,113171
2026-06-28,instagram,C0049,직원 추천 세트 추천,reels,8715,5732,2977,206,2,0,64729,0
2026-06-28,youtube,C0051,신규 입고 코디 후기,video,15739,11697,5348,449,9,2,59105,142175
2026-06-28,naver_blog,C0056,여름 클리어런스 단독 특가 총정리,blog_post,3114,2523,1723,179,6,1,0,62089
2026-06-28,google_ads,C0059,시즌오프 룩북 가이드,image,7917,5021,2948,274,5,2,66505,82480
2026-06-28,facebook,C0060,한정 수량 기획전 가이드,video,5168,4106,1569,92,1,0,26654,0
2026-06-29,kakao,C0004,베스트셀러 쿠폰 추천,image,4404,3708,1804,239,8,2,37761,176173
2026-06-29,facebook,C0006,재입고 알림 기획전 소개,video,9494,6982,5007,261,3,0,54168,0
2026-06-29,instagram,C0007,브랜드 협업 세트 후기,reels,20291,13316,7553,758,13,4,146433,377060
2026-06-29,naver_blog,C0008,신규 입고 기획전 소개,blog_post,7122,5815,2225,367,17,5,0,352848
2026-06-29,youtube,C0009,한정 수량 세트 후기,reels,23118,15451,7590,351,3,0,106841,0
2026-06-29,kakao,C0010,베스트셀러 룩북 소개,image,9344,6919,2490,448,15,9,77107,593907
2026-06-29,google_ads,C0011,신규 입고 코디 가이드,image,16958,12353,6571,438,9,1,142421,94688
2026-06-29,kakao,C0016,시즌오프 단독 특가 총정리,carousel,10160,7834,4381,578,26,10,80640,465771
2026-06-29,facebook,C0018,리뷰 이벤트 패키지 총정리,video,15296,12845,5269,285,4,1,68116,48981
2026-06-29,instagram,C0019,베스트셀러 체험단 가이드,carousel,20485,17558,8457,914,22,10,133706,821543
2026-06-29,naver_blog,C0020,브랜드 협업 체험단 소개,blog_post,5853,4774,2631,502,22,9,0,509030
2026-06-29,google_ads,C0023,신규 입고 세트 후기,video,22647,17456,11427,606,17,5,202899,293586
2026-06-29,instagram,C0025,브랜드 협업 세트 안내,carousel,8599,5825,2444,480,12,5,56323,346326
2026-06-29,kakao,C0028,직원 추천 쿠폰 소개,carousel,4649,3020,1571,216,11,6,34653,342819
2026-06-29,youtube,C0033,직원 추천 룩북 모음,reels,20717,17636,10072,306,4,1,74710,84801
2026-06-29,google_ads,C0035,가을 신상 기획전 가이드,image,24241,15926,6909,695,13,2,230658,166243
2026-06-29,facebook,C0036,직원 추천 기획전 총정리,image,13897,11352,4151,249,5,1,60297,46540
2026-06-29,instagram,C0037,리뷰 이벤트 세트 후기,reels,8574,6804,4280,266,8,1,62438,50163
2026-06-29,naver_blog,C0038,재입고 알림 체험단 가이드,blog_post,3858,3240,2263,362,11,2,0,135069
2026-06-29,youtube,C0039,여름 클리어런스 세트 총정리,video,38116,24614,13880,752,8,1,149610,89591
2026-06-29,google_ads,C0041,시즌오프 단독 특가 후기,image,17451,11267,4835,669,21,6,161270,385089
2026-06-29,instagram,C0043,시즌오프 룩북 추천,reels,15319,11009,4725,631,10,4,88330,184269
2026-06-29,naver_blog,C0044,가을 신상 체험단 가이드,blog_post,3711,2980,1657,171,5,1,0,55598
2026-06-29,youtube,C0045,시즌오프 코디 안내,reels,32896,24192,13425,719,13,2,120323,172516
2026-06-29,kakao,C0046,직원 추천 패키지 안내,image,11740,7826,5631,682,19,7,92238,312727
2026-06-29,google_ads,C0047,한정 수량 세트 후기,image,15064,11652,4516,552,21,4,154904,234498
2026-06-29,facebook,C0048,브랜드 협업 패키지 모음,carousel,18923,12336,8142,311,4,1,96940,55013
2026-06-29,instagram,C0049,직원 추천 세트 추천,reels,13627,9866,5190,362,8,2,82700,164479
2026-06-29,youtube,C0051,신규 입고 코디 후기,video,18220,13652,7952,377,3,0,66611,0
2026-06-29,google_ads,C0053,베스트셀러 단독 특가 안내,video,19412,13966,8397,603,18,3,152512,244015
2026-06-29,naver_blog,C0056,여름 클리어런스 단독 특가 총정리,blog_post,4757,3199,1903,318,9,2,0,174563
2026-06-29,facebook,C0060,한정 수량 기획전 가이드,video,7479,6416,3156,123,1,0,32154,0
2026-06-30,instagram,C0001,가을 신상 단독 특가 모음,image,21933,15326,9367,924,15,5,142027,230080
2026-06-30,naver_blog,C0002,브랜드 협업 쿠폰 안내,blog_post,3978,3175,1783,233,10,3,0,184578
2026-06-30,facebook,C0006,재입고 알림 기획전 소개,video,8121,7099,3326,162,1,0,38764,0
2026-06-30,instagram,C0007,브랜드 협업 세트 후기,reels,13297,11325,5393,499,10,2,82574,152736
2026-06-30,naver_blog,C0008,신규 입고 기획전 소개,blog_post,6396,4950,3399,283,8,2,0,82168
2026-06-30,youtube,C0009,한정 수량 세트 후기,reels,34331,26355,18014,463,8,2,165202,121551
2026-06-30,kakao,C0010,베스트셀러 룩북 소개,image,9673,8030,3107,620,22,9,78312,528072
2026-06-30,google_ads,C0011,신규 입고 코디 가이드,image,13584,9961,5317,371,12,5,123570,279022
2026-06-30,kakao,C0016,시즌오프 단독 특가 총정리,carousel,11617,8416,3648,632,17,9,76534,526734
2026-06-30,facebook,C0018,리뷰 이벤트 패키지 총정리,video,17446,12972,5546,442,8,1,95188,63810
2026-06-30,instagram,C0019,베스트셀러 체험단 가이드,carousel,18661,13521,7858,892,25,5,103778,393416
2026-06-30,google_ads,C0023,신규 입고 세트 후기,video,25004,21757,13589,820,30,10,232760,823015
2026-06-30,facebook,C0024,시즌오프 룩북 안내,carousel,6295,4928,2677,89,1,0,33224,0
2026-06-30,instagram,C0025,브랜드 협업 세트 안내,carousel,10346,7271,4778,412,7,2,73779,151064
2026-06-30,kakao,C0028,직원 추천 쿠폰 소개,carousel,4453,3230,1266,218,7,3,33038,212371
2026-06-30,youtube,C0033,직원 추천 룩북 모음,reels,19744,12431,5083,225,2,0,86872,0
2026-06-30,google_ads,C0035,가을 신상 기획전 가이드,image,24888,21667,11478,679,24,4,230819,350777
2026-06-30,instagram,C0037,리뷰 이벤트 세트 후기,reels,10493,8299,3181,345,9,1,60264,80396
2026-06-30,youtube,C0039,여름 클리어런스 세트 총정리,video,44105,38235,26560,973,19,3,164250,253103
2026-06-30,google_ads,C0041,시즌오프 단독 특가 후기,image,15125,10910,6839,517,13,2,122859,186691
2026-06-30,facebook,C0042,시즌오프 패키지 추천,video,12030,9302,4943,204,4,0,58774,0
2026-06-30,instagram,C0043,시즌오프 룩북 추천,reels,20926,17758,12371,915,25,10,116476,931742
2026-06-30,naver_blog,C0044,가을 신상 체험단 가이드,blog_post,3950,3129,2184,241,10,2,0,140800
2026-06-30,kakao,C0046,직원 추천 패키지 안내,image,12814,8351,5601,854,32,18,93019,1688212
2026-06-30,google_ads,C0047,한정 수량 세트 후기,image,12964,10810,4725,359,13,6,121273,530224
2026-06-30,facebook,C0048,브랜드 협업 패키지 모음,carousel,14897,9367,6281,254,5,1,72540,86263
2026-06-30,instagram,C0049,직원 추천 세트 추천,reels,15540,12948,8481,427,10,2,104104,169477
2026-06-30,youtube,C0051,신규 입고 코디 후기,video,20909,13112,4841,536,8,2,78230,124072
2026-06-30,google_ads,C0053,베스트셀러 단독 특가 안내,video,14649,9395,3836,532,20,9,142249,779245
2026-06-30,naver_blog,C0056,여름 클리어런스 단독 특가 총정리,blog_post,4892,3439,1812,360,10,4,0,341889
2026-06-30,google_ads,C0059,시즌오프 룩북 가이드,image,14277,9526,6423,564,20,5,145766,453855
2026-06-30,facebook,C0060,한정 수량 기획전 가이드,video,8475,7252,5152,132,2,0,41116,0
2026-07-01,instagram,C0001,가을 신상 단독 특가 모음,image,16053,10324,5018,800,13,5,102314,452996
2026-07-01,naver_blog,C0002,브랜드 협업 쿠폰 안내,blog_post,3928,2556,1569,204,9,4,0,223351
2026-07-01,kakao,C0004,베스트셀러 쿠폰 추천,image,6357,4933,3543,332,15,5,46369,240134
2026-07-01,facebook,C0006,재입고 알림 기획전 소개,video,7580,5916,4056,176,3,0,32332,0
2026-07-01,instagram,C0007,브랜드 협업 세트 후기,reels,15584,12470,7533,757,21,8,93887,361922
2026-07-01,naver_blog,C0008,신규 입고 기획전 소개,blog_post,5356,3647,2502,343,16,8,0,583222
2026-07-01,youtube,C0009,한정 수량 세트 후기,reels,25002,19529,9020,356,4,1,106884,71926
2026-07-01,kakao,C0010,베스트셀러 룩북 소개,image,9179,7911,5338,469,16,6,61444,278557
2026-07-01,google_ads,C0011,신규 입고 코디 가이드,image,11647,9860,6496,307,11,3,116676,221133
2026-07-01,kakao,C0016,시즌오프 단독 특가 총정리,carousel,8056,5650,3843,370,21,11,54098,956085
2026-07-01,facebook,C0018,리뷰 이벤트 패키지 총정리,video,17101,10839,4389,346,3,0,90788,0
2026-07-01,instagram,C0019,베스트셀러 체험단 가이드,carousel,26882,23147,8450,1234,34,10,174365,865211
2026-07-01,google_ads,C0023,신규 입고 세트 후기,video,22831,19308,8048,658,18,4,229575,288849
2026-07-01,facebook,C0024,시즌오프 룩북 안내,carousel,7392,5593,3138,107,1,0,38921,0
2026-07-01,kakao,C0028,직원 추천 쿠폰 소개,carousel,4537,3615,1792,263,15,8,30493,355667
2026-07-01,youtube,C0033,직원 추천 룩북 모음,reels,19492,14386,10119,270,2,0,85701,0
2026-07-01,facebook,C0036,직원 추천 기획전 총정리,image,13763,11160,7859,301,3,0,71780,0
2026-07-01,instagram,C0037,리뷰 이벤트 세트 후기,reels,8597,5488,3853,228,5,1,63676,87603
2026-07-01,naver_blog,C0038,재입고 알림 체험단 가이드,blog_post,5759,3814,2434,419,17,7,0,326431
2026-07-01,youtube,C0039,여름 클리어런스 세트 총정리,video,42868,30034,18123,895,15,4,180729,267717
2026-07-01,facebook,C0042,시즌오프 패키지 추천,video,13885,10136,6384,279,5,1,67884,42224
2026-07-01,instagram,C0043,시즌오프 룩북 추천,reels,16371,11104,6705,652,15,5,107199,279943
2026-07-01,naver_blog,C0044,가을 신상 체험단 가이드,blog_post,3986,2966,1201,192,8,4,0,275080
2026-07-01,youtube,C0045,시즌오프 코디 안내,reels,21143,13356,5206,489,4,1,90624,53935
2026-07-01,kakao,C0046,직원 추천 패키지 안내,image,8603,6459,2532,534,16,4,62450,178323
2026-07-01,facebook,C0048,브랜드 협업 패키지 모음,carousel,16009,11819,7067,253,3,0,88962,0
2026-07-01,instagram,C0049,직원 추천 세트 추천,reels,10813,8804,5049,316,5,1,59865,46417
2026-07-01,youtube,C0051,신규 입고 코디 후기,video,20773,16615,11156,597,9,2,90348,187131
2026-07-01,google_ads,C0053,베스트셀러 단독 특가 안내,video,17232,13776,6834,573,11,1,137031,40873
2026-07-01,facebook,C0060,한정 수량 기획전 가이드,video,8404,6630,3389,157,3,0,39510,0
2026-07-02,instagram,C0001,가을 신상 단독 특가 모음,image,17323,10838,4459,630,17,7,111636,611021
2026-07-02,naver_blog,C0002,브랜드 협업 쿠폰 안내,blog_post,2959,2272,1496,144,3,1,0,79220
2026-07-02,kakao,C0004,베스트셀러 쿠폰 추천,image,5807,4499,2497,304,12,4,44741,294528
2026-07-02,google_ads,C0005,여름 클리어런스 쿠폰 안내,image,23331,17424,10703,862,22,6,182482,534649
2026-07-02,facebook,C0006,재입고 알림 기획전 소개,video,8169,6115,4264,188,3,0,38247,0
2026-07-02,instagram,C0007,브랜드 협업 세트 후기,reels,15166,10318,4450,790,16,5,108707,380663
2026-07-02,naver_blog,C0008,신규 입고 기획전 소개,blog_post,5043,4059,2862,306,12,5,0,418892
2026-07-02,youtube,C0009,한정 수량 세트 후기,reels,29110,20186,12661,462,4,0,126140,0
2026-07-02,kakao,C0010,베스트셀러 룩북 소개,image,8446,7418,3429,447,11,2,70583,119274
2026-07-02,google_ads,C0011,신규 입고 코디 가이드,image,16028,13664,4944,317,8,3,127837,156975
2026-07-02,kakao,C0016,시즌오프 단독 특가 총정리,carousel,8088,5761,2115,462,15,4,64120,273385
2026-07-02,facebook,C0018,리뷰 이벤트 패키지 총정리,video,15798,13600,6963,352,7,0,69650,0
2026-07-02,instagram,C0019,베스트셀러 체험단 가이드,carousel,23659,20496,13419,941,15,5,170893,450521
2026-07-02,naver_blog,C0020,브랜드 협업 체험단 소개,blog_post,6391,4696,2522,522,12,5,0,292017
2026-07-02,google_ads,C0023,신규 입고 세트 후기,video,26733,19464,12350,797,27,7,240959,312815
2026-07-02,facebook,C0024,시즌오프 룩북 안내,carousel,6489,4631,2760,83,1,0,29799,0
2026-07-02,instagram,C0025,브랜드 협업 세트 안내,carousel,9660,7017,3647,531,15,4,53932,192028
2026-07-02,kakao,C0028,직원 추천 쿠폰 소개,carousel,4616,3994,1523,239,13,3,30065,245266
2026-07-02,youtube,C0033,직원 추천 룩북 모음,reels,18600,15896,5903,262,4,1,78583,56264
2026-07-02,google_ads,C0035,가을 신상 기획전 가이드,image,21791,16646,7700,807,29,5,183162,345142
2026-07-02,instagram,C0037,리뷰 이벤트 세트 후기,reels,10350,6969,3842,322,8,3,75099,248957
2026-07-02,naver_blog,C0038,재입고 알림 체험단 가이드,blog_post,3999,2792,1015,297,12,5,0,234651
2026-07-02,youtube,C0039,여름 클리어런스 세트 총정리,video,28488,21749,11807,769,8,1,130295,72587
2026-07-02,google_ads,C0041,시즌오프 단독 특가 후기,image,15586,12607,9016,503,9,2,145617,118992
2026-07-02,facebook,C0042,시즌오프 패키지 추천,video,13930,9088,4182,273,4,1,76031,94395
2026-07-02,instagram,C0043,시즌오프 룩북 추천,reels,19210,15045,8234,922,19,4,135533,317267
2026-07-02,naver_blog,C0044,가을 신상 체험단 가이드,blog_post,3528,2664,1176,186,6,3,0,179609
2026-07-02,youtube,C0045,시즌오프 코디 안내,reels,30049,19270,7187,828,12,2,121257,137888
2026-07-02,kakao,C0046,직원 추천 패키지 안내,image,10567,7636,3417,616,24,9,89500,602322
2026-07-02,facebook,C0048,브랜드 협업 패키지 모음,carousel,12136,7925,4859,156,3,0,53727,0
2026-07-02,instagram,C0049,직원 추천 세트 추천,reels,12185,9919,6936,294,9,3,77031,139942
2026-07-02,youtube,C0051,신규 입고 코디 후기,video,15572,10275,5008,452,5,1,71116,47817
2026-07-02,google_ads,C0053,베스트셀러 단독 특가 안내,video,11813,10070,6837,378,13,4,94271,236702
2026-07-02,google_ads,C0059,시즌오프 룩북 가이드,image,14601,11200,7650,544,14,5,135576,409536
2026-07-02,facebook,C0060,한정 수량 기획전 가이드,video,7380,5438,2806,150,2,0,38721,0
2026-07-03,instagram,C0001,가을 신상 단독 특가 모음,image,14163,10237,5632,708,22,8,96089,701019
2026-07-03,naver_blog,C0002,브랜드 협업 쿠폰 안내,blog_post,3356,2775,1697,204,4,1,0,50583
2026-07-03,kakao,C0004,베스트셀러 쿠폰 추천,image,3754,2884,1211,212,11,2,31839,99771
2026-07-03,google_ads,C0005,여름 클리어런스 쿠폰 안내,image,21449,14666,8962,905,24,10,199229,620988
2026-07-03,facebook,C0006,재입고 알림 기획전 소개,video,9107,5701,2917,216,4,0,42217,0
2026-07-03,instagram,C0007,브랜드 협업 세트 후기,reels,12252,8131,3279,495,7,1,77422,49305
2026-07-03,naver_blog,C0008,신규 입고 기획전 소개,blog_post,4781,2997,1113,244,7,2,0,115663
2026-07-03,youtube,C0009,한정 수량 세트 후기,reels,20712,13932,8753,319,4,1,83990,46329
2026-07-03,kakao,C0010,베스트셀러 룩북 소개,image,8066,5854,3097,465,15,8,56305,743928
2026-07-03,google_ads,C0011,신규 입고 코디 가이드,image,11198,8557,5481,247,6,1,104887,51190
2026-07-03,facebook,C0018,리뷰 이벤트 패키지 총정리,video,16574,13645,7489,364,8,1,70464,65555
2026-07-03,instagram,C0019,베스트셀러 체험단 가이드,carousel,17276,15077,5279,987,23,8,123730,487267
2026-07-03,naver_blog,C0020,브랜드 협업 체험단 소개,blog_post,7082,5468,2946,433,18,7,0,395745
2026-07-03,google_ads,C0023,신규 입고 세트 후기,video,21053,16098,7298,680,20,10,179148,775155
2026-07-03,facebook,C0024,시즌오프 룩북 안내,carousel,4721,3850,1992,63,1,0,23320,0
2026-07-03,instagram,C0025,브랜드 협업 세트 안내,carousel,7128,5701,3358,275,6,2,48732,125447
2026-07-03,youtube,C0033,직원 추천 룩북 모음,reels,18302,13907,8918,259,2,0,84526,0
2026-07-03,google_ads,C0035,가을 신상 기획전 가이드,image,20215,14388,9362,772,19,4,196560,313346
2026-07-03,facebook,C0036,직원 추천 기획전 총정리,image,10848,9366,4818,205,2,0,61096,0
2026-07-03,instagram,C0037,리뷰 이벤트 세트 후기,reels,7875,6138,2836,239,4,1,49083,55441
2026-07-03,youtube,C0039,여름 클리어런스 세트 총정리,video,28470,19102,12489,668,12,3,119359,211044
2026-07-03,google_ads,C0041,시즌오프 단독 특가 후기,image,13186,10514,5878,416,8,1,110116,71344
2026-07-03,facebook,C0042,시즌오프 패키지 추천,video,12203,10047,4229,234,5,1,61617,53910
2026-07-03,instagram,C0043,시즌오프 룩북 추천,reels,14601,12613,7405,795,12,5,92986,473654
2026-07-03,naver_blog,C0044,가을 신상 체험단 가이드,blog_post,3235,2398,1160,202,9,2,0,110572
2026-07-03,youtube,C0045,시즌오프 코디 안내,reels,18091,12131,4613,444,4,1,86880,63310
2026-07-03,kakao,C0046,직원 추천 패키지 안내,image,8530,5653,2628,522,14,5,69887,362945
2026-07-03,google_ads,C0047,한정 수량 세트 후기,image,13153,9011,3513,369,9,1,112467,83676
2026-07-03,instagram,C0049,직원 추천 세트 추천,reels,12190,9979,5801,320,5,0,68142,0
2026-07-03,youtube,C0051,신규 입고 코디 후기,video,22106,14079,5592,626,8,1,96359,43618
2026-07-03,google_ads,C0053,베스트셀러 단독 특가 안내,video,14630,10192,5005,443,14,3,135603,228854
2026-07-03,naver_blog,C0056,여름 클리어런스 단독 특가 총정리,blog_post,3536,2923,1974,249,7,3,0,249183
2026-07-03,google_ads,C0059,시즌오프 룩북 가이드,image,11102,7179,4093,307,10,2,102112,150110
2026-07-03,facebook,C0060,한정 수량 기획전 가이드,video,6734,5443,2800,107,2,0,31767,0
2026-07-04,instagram,C0001,가을 신상 단독 특가 모음,image,16507,13471,6265,805,23,4,101136,235438
2026-07-04,naver_blog,C0002,브랜드 협업 쿠폰 안내,blog_post,2005,1548,930,97,3,1,0,87228
2026-07-04,kakao,C0004,베스트셀러 쿠폰 추천,image,3375,2889,1850,181,8,4,28972,291947
2026-07-04,google_ads,C0005,여름 클리어런스 쿠폰 안내,image,16006,13931,8051,565,11,3,156551,126961
2026-07-04,facebook,C0006,재입고 알림 기획전 소개,video,4760,3227,1404,122,1,0,27031,0
2026-07-04,instagram,C0007,브랜드 협업 세트 후기,reels,14089,9487,3967,754,16,2,78666,92670
2026-07-04,naver_blog,C0008,신규 입고 기획전 소개,blog_post,3644,2814,1781,159,3,0,0,0
2026-07-04,kakao,C0010,베스트셀러 룩북 소개,image,6202,4739,1971,300,16,9,39830,695338
2026-07-04,google_ads,C0011,신규 입고 코디 가이드,image,12043,7814,5441,266,5,2,113619,183527
2026-07-04,google_ads,C0023,신규 입고 세트 후기,video,17336,14913,9605,505,12,3,160683,281201
2026-07-04,facebook,C0024,시즌오프 룩북 안내,carousel,3402,2654,1114,51,1,0,14730,0
2026-07-04,instagram,C0025,브랜드 협업 세트 안내,carousel,9161,7707,5458,510,9,1,59022,76492
2026-07-04,kakao,C0028,직원 추천 쿠폰 소개,carousel,3074,2506,1475,172,7,2,21822,121126
2026-07-04,youtube,C0033,직원 추천 룩북 모음,reels,14716,11017,4949,189,3,0,53214,0
2026-07-04,google_ads,C0035,가을 신상 기획전 가이드,image,13012,10987,5454,405,14,5,132408,302879
2026-07-04,facebook,C0036,직원 추천 기획전 총정리,image,7417,4760,2448,148,2,0,38432,0
2026-07-04,instagram,C0037,리뷰 이벤트 세트 후기,reels,8001,5811,3763,207,4,0,47853,0
2026-07-04,naver_blog,C0038,재입고 알림 체험단 가이드,blog_post,3349,2148,1421,268,10,4,0,363853
2026-07-04,youtube,C0039,여름 클리어런스 세트 총정리,video,21039,14139,5977,480,6,1,93229,55095
2026-07-04,google_ads,C0041,시즌오프 단독 특가 후기,image,13092,11515,7235,549,20,3,110739,255680
2026-07-04,facebook,C0042,시즌오프 패키지 추천,video,9428,6839,3861,179,2,0,50833,0
2026-07-04,instagram,C0043,시즌오프 룩북 추천,reels,11642,7904,4957,533,12,4,81521,318952
2026-07-04,naver_blog,C0044,가을 신상 체험단 가이드,blog_post,2793,1959,821,175,7,1,0,64748
2026-07-04,youtube,C0045,시즌오프 코디 안내,reels,20502,13395,9363,393,7,2,81970,126106
2026-07-04,kakao,C0046,직원 추천 패키지 안내,image,7618,6265,3438,413,10,5,64370,242265
2026-07-04,facebook,C0048,브랜드 협업 패키지 모음,carousel,12020,9336,5367,208,4,0,58128,0
2026-07-04,instagram,C0049,직원 추천 세트 추천,reels,7972,5167,2897,199,6,1,45666,70409
2026-07-04,youtube,C0051,신규 입고 코디 후기,video,16924,12642,5297,339,6,1,65388,76276
2026-07-04,google_ads,C0053,베스트셀러 단독 특가 안내,video,9085,6857,2835,375,9,2,72216,139009
2026-07-04,naver_blog,C0056,여름 클리어런스 단독 특가 총정리,blog_post,2418,2099,1406,138,3,1,0,79031
2026-07-04,google_ads,C0059,시즌오프 룩북 가이드,image,13137,10151,5440,473,10,1,105559,43518
2026-07-04,facebook,C0060,한정 수량 기획전 가이드,video,6641,5025,3451,136,2,0,35568,0
2026-07-05,instagram,C0001,가을 신상 단독 특가 모음,image,14749,10894,6635,676,13,4,104783,198527
2026-07-05,naver_blog,C0002,브랜드 협업 쿠폰 안내,blog_post,2946,2388,1240,203,5,2,0,123290
2026-07-05,kakao,C0004,베스트셀러 쿠폰 추천,image,4344,3002,1748,228,12,6,34753,311694
2026-07-05,google_ads,C0005,여름 클리어런스 쿠폰 안내,image,17718,13531,9718,537,10,4,151138,259205
2026-07-05,facebook,C0006,재입고 알림 기획전 소개,video,5862,4338,1635,155,3,0,31472,0
2026-07-05,naver_blog,C0008,신규 입고 기획전 소개,blog_post,2999,1948,1342,149,6,2,0,87506
2026-07-05,youtube,C0009,한정 수량 세트 후기,reels,23726,15575,10179,401,4,0,87706,0
2026-07-05,kakao,C0010,베스트셀러 룩북 소개,image,6331,4568,1729,419,20,5,45460,259584
2026-07-05,google_ads,C0011,신규 입고 코디 가이드,image,10571,7148,4344,288,10,3,101315,268006
2026-07-05,kakao,C0016,시즌오프 단독 특가 총정리,carousel,5610,3554,1250,308,15,9,40492,478077
2026-07-05,facebook,C0018,리뷰 이벤트 패키지 총정리,video,9712,8519,4044,193,3,0,54129,0
2026-07-05,instagram,C0019,베스트셀러 체험단 가이드,carousel,17054,11317,4660,802,13,3,112914,151275
2026-07-05,naver_blog,C0020,브랜드 협업 체험단 소개,blog_post,5139,4440,1752,340,10,2,0,124235
2026-07-05,google_ads,C0023,신규 입고 세트 후기,video,19061,12144,7912,671,16,3,157064,169753
2026-07-05,facebook,C0024,시즌오프 룩북 안내,carousel,5044,3260,1787,90,1,0,28693,0
2026-07-05,instagram,C0025,브랜드 협업 세트 안내,carousel,8843,7083,4255,507,14,3,59813,265854
2026-07-05,kakao,C0028,직원 추천 쿠폰 소개,carousel,3322,2476,1173,194,8,2,25965,105566
2026-07-05,youtube,C0033,직원 추천 룩북 모음,reels,15256,10381,6000,236,2,0,69020,0
2026-07-05,google_ads,C0035,가을 신상 기획전 가이드,image,11002,7892,3628,319,6,1,111595,72894
2026-07-05,instagram,C0037,리뷰 이벤트 세트 후기,reels,6865,4752,2794,211,5,2,46604,111730
2026-07-05,naver_blog,C0038,재입고 알림 체험단 가이드,blog_post,3903,2756,1211,315,14,6,0,321951
2026-07-05,youtube,C0039,여름 클리어런스 세트 총정리,video,26614,19140,8976,636,5,1,97358,50585
2026-07-05,google_ads,C0041,시즌오프 단독 특가 후기,image,7941,5345,2052,315,11,5,65815,221495
2026-07-05,facebook,C0042,시즌오프 패키지 추천,video,8281,6688,2946,129,1,0,40762,0
2026-07-05,instagram,C0043,시즌오프 룩북 추천,reels,10034,8259,3135,552,12,2,64073,135582
2026-07-05,naver_blog,C0044,가을 신상 체험단 가이드,blog_post,2542,2117,1362,116,3,1,0,81737
2026-07-05,youtube,C0045,시즌오프 코디 안내,reels,15056,12179,5422,354,5,1,65246,43956
2026-07-05,kakao,C0046,직원 추천 패키지 안내,image,7275,4803,2018,341,14,7,54422,636391
2026-07-05,instagram,C0049,직원 추천 세트 추천,reels,8672,6822,3872,213,3,1,54420,71108
2026-07-05,youtube,C0051,신규 입고 코디 후기,video,13818,9484,6523,365,5,1,61317,78305
2026-07-05,google_ads,C0053,베스트셀러 단독 특가 안내,video,13066,10600,4660,384,13,5,123817,391804
2026-07-05,naver_blog,C0056,여름 클리어런스 단독 특가 총정리,blog_post,2506,1850,1113,151,5,2,,172566
2026-07-05,youtube,C0057,신규 입고 쿠폰 후기,video,20896,17936,8916,360,7,1,79570,63261
2026-07-05,google_ads,C0059,시즌오프 룩북 가이드,image,8714,6087,4309,310,7,1,76346,88202
2026-07-05,facebook,C0060,한정 수량 기획전 가이드,video,4221,3315,2112,70,0,0,23827,0
2026-07-06,instagram,C0001,가을 신상 단독 특가 모음,image,16334,14318,9336,552,8,3,106966,227995
2026-07-06,naver_blog,C0002,브랜드 협업 쿠폰 안내,blog_post,2991,2145,1309,156,4,2,0,129572
2026-07-06,kakao,C0004,베스트셀러 쿠폰 추천,image,4166,2780,1753,215,11,4,32433,297372
2026-07-06,facebook,C0006,재입고 알림 기획전 소개,video,7642,5488,2482,176,3,0,40190,0
2026-07-06,instagram,C0007,브랜드 협업 세트 후기,reels,13217,10778,3801,611,20,3,86486,121198
2026-07-06,naver_blog,C0008,신규 입고 기획전 소개,blog_post,7199,5888,4091,381,11,3,0,181179
2026-07-06,kakao,C0010,베스트셀러 룩북 소개,image,11076,8782,4303,546,20,6,73106,390783
2026-07-06,google_ads,C0011,신규 입고 코디 가이드,image,15771,13419,5386,394,14,3,150424,254483
2026-07-06,kakao,C0016,시즌오프 단독 특가 총정리,carousel,9584,7583,3987,459,14,8,81746,677552
2026-07-06,facebook,C0018,리뷰 이벤트 패키지 총정리,video,13711,8663,5620,289,4,0,66501,0
2026-07-06,instagram,C0019,베스트셀러 체험단 가이드,carousel,16876,12340,8571,963,32,13,123028,1045008
2026-07-06,naver_blog,C0020,브랜드 협업 체험단 소개,blog_post,6223,4089,2217,478,21,8,0,376258
2026-07-06,google_ads,C0023,신규 입고 세트 후기,video,30839,23520,15844,888,23,4,291093,212998
2026-07-06,facebook,C0024,시즌오프 룩북 안내,carousel,6675,5283,2023,97,1,0,37670,0
2026-07-06,kakao,C0028,직원 추천 쿠폰 소개,carousel,3544,2434,1280,230,6,1,26855,79897
2026-07-06,naver_blog,C0032,베스트셀러 쿠폰 안내,blog_post,8032,6800,4724,630,23,9,0,546620
2026-07-06,youtube,C0033,직원 추천 룩북 모음,reels,16824,13239,7386,257,4,0,62514,0
2026-07-06,google_ads,C0035,가을 신상 기획전 가이드,image,16345,13281,9253,605,11,3,162697,277421
2026-07-06,facebook,C0036,직원 추천 기획전 총정리,image,9174,5835,3198,222,5,0,44012,0
2026-07-06,instagram,C0037,리뷰 이벤트 세트 후기,reels,12573,9494,5436,312,6,1,80758,47958
2026-07-06,youtube,C0039,여름 클리어런스 세트 총정리,video,36820,27191,15567,774,13,4,164060,291753
2026-07-06,google_ads,C0041,시즌오프 단독 특가 후기,image,17569,11456,8234,728,20,9,157885,708549
2026-07-06,facebook,C0042,시즌오프 패키지 추천,video,16541,11688,7671,262,5,1,87677,42891
2026-07-06,naver_blog,C0044,가을 신상 체험단 가이드,blog_post,3260,2353,1680,196,8,4,0,280547
2026-07-06,youtube,C0045,시즌오프 코디 안내,reels,33084,27029,13371,798,9,2,126242,174187
2026-07-06,kakao,C0046,직원 추천 패키지 안내,image,8787,7166,4046,575,30,15,65062,735047
2026-07-06,google_ads,C0047,한정 수량 세트 후기,image,17404,12107,4886,484,16,6,133569,479565
2026-07-06,facebook,C0048,브랜드 협업 패키지 모음,carousel,16550,14514,5872,294,4,1,93325,45282
2026-07-06,youtube,C0051,신규 입고 코디 후기,video,16157,14135,8347,406,8,2,65904,83739
2026-07-06,google_ads,C0053,베스트셀러 단독 특가 안내,video,15616,12475,8772,598,15,6,152995,457311
2026-07-06,naver_blog,C0056,여름 클리어런스 단독 특가 총정리,blog_post,4906,3871,1749,350,10,2,0,89090
2026-07-06,youtube,C0057,신규 입고 쿠폰 후기,video,28560,17878,10047,489,6,1,130544,49960
2026-07-06,google_ads,C0059,시즌오프 룩북 가이드,image,15549,11393,6396,438,7,3,152335,150506
2026-07-06,facebook,C0060,한정 수량 기획전 가이드,video,5888,4501,2468,118,1,0,30188,0
2026-07-07,instagram,C0001,가을 신상 단독 특가 모음,image,21280,13880,8725,1067,33,7,142432,349275
2026-07-07,naver_blog,C0002,브랜드 협업 쿠폰 안내,blog_post,4236,2761,1097,221,5,2,0,173659
2026-07-07,google_ads,C0005,여름 클리어런스 쿠폰 안내,image,19871,15132,7664,855,14,3,202779,205708
2026-07-07,facebook,C0006,재입고 알림 기획전 소개,video,9465,6963,3923,250,4,1,45225,69601
2026-07-07,instagram,C0007,브랜드 협업 세트 후기,reels,13925,11601,5078,546,11,4,102933,292471
2026-07-07,naver_blog,C0008,신규 입고 기획전 소개,blog_post,5536,3617,2098,246,6,2,0,179402
2026-07-07,youtube,C0009,한정 수량 세트 후기,reels,25482,18616,11299,385,3,0,122929,0
2026-07-07,kakao,C0010,베스트셀러 룩북 소개,image,7900,5662,3358,534,24,9,53090,851262
2026-07-07,google_ads,C0011,신규 입고 코디 가이드,image,11124,8642,3272,227,4,1,87079,75209
2026-07-07,kakao,C0016,시즌오프 단독 특가 총정리,carousel,8533,5896,3959,377,9,3,72997,182474
2026-07-07,facebook,C0018,리뷰 이벤트 패키지 총정리,video,18390,12242,7583,385,8,1,92748,78525
2026-07-07,naver_blog,C0020,브랜드 협업 체험단 소개,blog_post,7958,6789,2805,701,22,7,0,565399
2026-07-07,google_ads,C0023,신규 입고 세트 후기,video,30575,25710,13534,864,14,4,246734,187801
2026-07-07,facebook,C0024,시즌오프 룩북 안내,carousel,6811,4316,2669,121,2,0,35165,0
2026-07-07,instagram,C0025,브랜드 협업 세트 안내,carousel,8997,7885,5089,434,8,2,66229,176952
2026-07-07,kakao,C0028,직원 추천 쿠폰 소개,carousel,3825,3224,2258,206,7,1,25068,80147
2026-07-07,youtube,C0033,직원 추천 룩북 모음,reels,14323,11648,6465,191,3,1,58784,67977
2026-07-07,google_ads,C0035,가을 신상 기획전 가이드,image,20944,15789,11356,817,26,8,195071,720790
2026-07-07,facebook,C0036,직원 추천 기획전 총정리,image,13913,11167,7005,265,5,1,76313,88418
2026-07-07,instagram,C0037,리뷰 이벤트 세트 후기,reels,11877,9239,6531,354,11,3,70833,132395
2026-07-07,naver_blog,C0038,재입고 알림 체험단 가이드,blog_post,5023,4358,2206,380,11,2,0,180544
2026-07-07,youtube,C0039,여름 클리어런스 세트 총정리,video,42920,27925,12864,964,11,3,183986,155881
2026-07-07,google_ads,C0041,시즌오프 단독 특가 후기,image,17656,13898,9110,550,14,5,158344,297829
2026-07-07,facebook,C0042,시즌오프 패키지 추천,video,12539,8927,3141,259,3,0,55196,0
2026-07-07,instagram,C0043,시즌오프 룩북 추천,reels,13462,10146,4128,529,12,2,91614,104870
2026-07-07,naver_blog,C0044,가을 신상 체험단 가이드,blog_post,3036,2220,926,193,4,1,0,86164
2026-07-07,youtube,C0045,시즌오프 코디 안내,reels,26426,18852,12670,554,6,0,107477,0
2026-07-07,kakao,C0046,직원 추천 패키지 안내,image,13305,8803,3729,770,36,11,97425,772824
2026-07-07,google_ads,C0047,한정 수량 세트 후기,image,18051,12716,8047,652,18,8,179179,491093
2026-07-07,facebook,C0048,브랜드 협업 패키지 모음,carousel,12565,7859,3202,189,3,0,66185,0
2026-07-07,instagram,C0049,직원 추천 세트 추천,reels,16191,13142,6711,378,8,3,97277,145161
2026-07-07,youtube,C0051,신규 입고 코디 후기,video,18727,15343,10275,544,6,1,71537,78855
2026-07-07,google_ads,C0053,베스트셀러 단독 특가 안내,video,17778,13344,5564,768,23,9,147012,425486
2026-07-07,naver_blog,C0056,여름 클리어런스 단독 특가 총정리,blog_post,5314,4578,2324,374,8,1,0,62401
2026-07-07,youtube,C0057,신규 입고 쿠폰 후기,video,25308,17903,9440,423,7,1,98935,55430
2026-07-07,google_ads,C0059,시즌오프 룩북 가이드,image,14304,10057,3696,391,7,3,117612,197889
2026-07-08,instagram,C0001,가을 신상 단독 특가 모음,image,15366,13315,6451,598,9,1,101430,87408
2026-07-08,naver_blog,C0002,브랜드 협업 쿠폰 안내,blog_post,4051,2892,1845,243,7,3,0,154655
2026-07-08,google_ads,C0005,여름 클리어런스 쿠폰 안내,image,23470,15285,8667,998,31,7,224199,636317
2026-07-08,facebook,C0006,재입고 알림 기획전 소개,video,8805,6244,3861,258,3,0,37999,0
2026-07-08,instagram,C0007,브랜드 협업 세트 후기,reels,17527,12017,8105,896,28,13,127422,840664
2026-07-08,naver_blog,C0008,신규 입고 기획전 소개,blog_post,7046,4492,2268,442,15,2,0,145906
2026-07-08,youtube,C0009,한정 수량 세트 후기,reels,22034,16904,10884,353,6,1,97670,87864
2026-07-08,google_ads,C0011,신규 입고 코디 가이드,image,16104,11592,7399,371,8,1,130152,51979
2026-07-08,kakao,C0016,시즌오프 단독 특가 총정리,carousel,10867,8971,4651,584,25,8,74664,631632
2026-07-08,facebook,C0018,리뷰 이벤트 패키지 총정리,video,12435,7857,3442,230,2,0,70144,0
2026-07-08,instagram,C0019,베스트셀러 체험단 가이드,carousel,24678,19422,8587,1357,33,5,153066,366418
2026-07-08,naver_blog,C0020,브랜드 협업 체험단 소개,blog_post,5867,4713,2607,477,15,6,0,347129
2026-07-08,google_ads,C0023,신규 입고 세트 후기,video,33294,22540,15938,963,37,13,342683,1076402
2026-07-08,facebook,C0024,시즌오프 룩북 안내,carousel,4804,3909,1920,76,1,0,24386,0
2026-07-08,instagram,C0025,브랜드 협업 세트 안내,carousel,9028,6228,3520,489,14,2,53959,159891
2026-07-08,kakao,C0028,직원 추천 쿠폰 소개,carousel,4996,3219,1342,244,13,3,37363,240364
2026-07-08,naver_blog,C0032,베스트셀러 쿠폰 안내,blog_post,5627,3727,1549,382,14,3,0,131888
2026-07-08,facebook,C0036,직원 추천 기획전 총정리,image,12500,10111,6561,277,4,0,68623,0
2026-07-08,instagram,C0037,리뷰 이벤트 세트 후기,reels,11852,7483,3306,275,4,1,65794,93149
2026-07-08,youtube,C0039,여름 클리어런스 세트 총정리,video,41563,29425,18000,896,13,3,171648,146918
2026-07-08,google_ads,C0041,시즌오프 단독 특가 후기,image,11784,7477,4531,474,9,4,93418,225282
2026-07-08,facebook,C0042,시즌오프 패키지 추천,video,15725,10329,7101,228,3,0,82289,0
2026-07-08,instagram,C0043,시즌오프 룩북 추천,reels,19835,14281,9670,1036,17,3,113848,136786
2026-07-08,youtube,C0045,시즌오프 코디 안내,reels,28374,18464,12770,790,15,3,107661,207529
2026-07-08,kakao,C0046,직원 추천 패키지 안내,image,11854,7812,4662,636,33,11,78341,994321
2026-07-08,google_ads,C0047,한정 수량 세트 후기,image,19466,16172,9916,507,8,4,156727,304287
2026-07-08,facebook,C0048,브랜드 협업 패키지 모음,carousel,14501,11710,7502,217,2,0,82501,0
2026-07-08,instagram,C0049,직원 추천 세트 추천,reels,10206,8967,3741,248,5,1,70188,62766
2026-07-08,youtube,C0051,신규 입고 코디 후기,video,19263,15960,9447,419,5,1,81724,69286
2026-07-08,google_ads,C0053,베스트셀러 단독 특가 안내,video,14940,11519,5829,556,17,7,142652,370549
2026-07-08,naver_blog,C0056,여름 클리어런스 단독 특가 총정리,blog_post,5223,3261,1815,415,19,4,0,236856
2026-07-08,google_ads,C0059,시즌오프 룩북 가이드,image,13136,8636,5749,523,19,4,129850,172290
2026-07-08,facebook,C0060,한정 수량 기획전 가이드,video,9630,7733,3786,139,3,0,51059,0
2026-07-09,instagram,C0001,가을 신상 단독 특가 모음,image,13811,11569,7775,474,10,1,78381,71305
2026-07-09,naver_blog,C0002,브랜드 협업 쿠폰 안내,blog_post,2869,1914,1196,187,7,2,0,125267
2026-07-09,kakao,C0004,베스트셀러 쿠폰 추천,image,5699,3958,1613,376,9,4,42784,162390
2026-07-09,google_ads,C0005,여름 클리어런스 쿠폰 안내,image,21953,18610,10329,907,33,11,209985,696320
2026-07-09,facebook,C0006,재입고 알림 기획전 소개,video,10239,7736,5506,214,2,0,46877,0
2026-07-09,instagram,C0007,브랜드 협업 세트 후기,reels,18473,14139,9352,932,21,5,125185,427494
2026-07-09,naver_blog,C0008,신규 입고 기획전 소개,blog_post,6478,5105,2154,292,6,2,0,173127
2026-07-09,youtube,C0009,한정 수량 세트 후기,reels,28009,17841,10185,460,5,1,122521,41780
2026-07-09,kakao,C0010,베스트셀러 룩북 소개,image,10917,8371,4675,730,19,6,92771,242797
2026-07-09,google_ads,C0011,신규 입고 코디 가이드,image,12272,8878,3747,324,10,5,117162,226779
2026-07-09,kakao,C0016,시즌오프 단독 특가 총정리,carousel,9852,6366,4130,420,18,6,75804,521168
2026-07-09,facebook,C0018,리뷰 이벤트 패키지 총정리,video,11825,8755,5931,224,4,1,64578,75982
2026-07-09,instagram,C0019,베스트셀러 체험단 가이드,carousel,17220,14990,8110,915,24,10,106604,831943
2026-07-09,naver_blog,C0020,브랜드 협업 체험단 소개,blog_post,6634,5589,2847,573,24,8,0,411881
2026-07-09,google_ads,C0023,신규 입고 세트 후기,video,22780,17841,9528,849,16,7,207919,653044
2026-07-09,facebook,C0024,시즌오프 룩북 안내,carousel,4567,2943,1371,80,0,0,21898,0
2026-07-09,instagram,C0025,브랜드 협업 세트 안내,carousel,8478,6957,3098,404,7,3,57591,143173
2026-07-09,youtube,C0027,신규 입고 룩북 가이드,reels,14689,9258,6182,303,5,1,54826,60170
2026-07-09,kakao,C0028,직원 추천 쿠폰 소개,carousel,4908,3519,2119,275,9,5,38825,370668
2026-07-09,instagram,C0031,여름 클리어런스 세트 모음,image,15470,10576,6915,586,18,4,90244,247841
2026-07-09,naver_blog,C0032,베스트셀러 쿠폰 안내,blog_post,6722,4975,1913,470,18,9,0,590102
2026-07-09,youtube,C0033,직원 추천 룩북 모음,reels,20997,18054,11450,247,3,0,101321,0
2026-07-09,google_ads,C0035,가을 신상 기획전 가이드,image,22005,16367,7414,605,12,4,206375,230441
2026-07-09,facebook,C0036,직원 추천 기획전 총정리,image,12469,8963,6242,250,4,0,54004,0
2026-07-09,youtube,C0039,여름 클리어런스 세트 총정리,video,31654,24857,9468,641,8,1,141410,87920
2026-07-09,google_ads,C0041,시즌오프 단독 특가 후기,image,14869,10221,6718,476,17,5,143985,245246
2026-07-09,facebook,C0042,시즌오프 패키지 추천,video,12429,9242,5590,192,3,0,65741,0
2026-07-09,instagram,C0043,시즌오프 룩북 추천,reels,12114,9977,5696,465,12,4,74577,377000
2026-07-09,youtube,C0045,시즌오프 코디 안내,reels,28866,20272,8224,677,7,2,107183,186697
2026-07-09,kakao,C0046,직원 추천 패키지 안내,image,10576,6567,3393,699,20,7,90491,317516
2026-07-09,google_ads,C0047,한정 수량 세트 후기,image,19087,13919,7684,518,13,3,195096,280337
2026-07-09,facebook,C0048,브랜드 협업 패키지 모음,carousel,11177,9294,3308,195,3,0,59226,0
2026-07-09,instagram,C0049,직원 추천 세트 추천,reels,12078,8777,4215,313,7,2,69401,99339
2026-07-09,youtube,C0051,신규 입고 코디 후기,video,16953,13133,7233,391,7,1,69867,55578
2026-07-09,google_ads,C0053,베스트셀러 단독 특가 안내,video,18499,15591,11198,749,14,5,172297,313101
2026-07-09,naver_blog,C0056,여름 클리어런스 단독 특가 총정리,blog_post,4538,3907,1511,298,11,2,0,111889
2026-07-09,youtube,C0057,신규 입고 쿠폰 후기,video,26984,19403,8194,444,4,1,127409,62711
2026-07-09,google_ads,C0059,시즌오프 룩북 가이드,image,15522,12614,4450,494,10,2,155607,109094
2026-07-09,facebook,C0060,한정 수량 기획전 가이드,video,8638,6286,2761,178,2,0,38698,0
2026-07-10,instagram,C0001,가을 신상 단독 특가 모음,image,18936,15777,9024,747,24,11,113551,1028961
2026-07-10,naver_blog,C0002,브랜드 협업 쿠폰 안내,blog_post,3473,2901,1875,212,5,2,0,187509
2026-07-10,google_ads,C0005,여름 클리어런스 쿠폰 안내,image,18172,11737,7587,665,20,8,180378,596020
2026-07-10,facebook,C0006,재입고 알림 기획전 소개,video,7916,6860,2918,162,2,0,40687,0
2026-07-10,instagram,C0007,브랜드 협업 세트 후기,reels,16911,14532,5509,721,20,4,108394,298930
2026-07-10,naver_blog,C0008,신규 입고 기획전 소개,blog_post,4557,3889,1788,247,6,2,0,166465
2026-07-10,youtube,C0009,한정 수량 세트 후기,reels,22680,19574,11395,356,5,0,94088,0
2026-07-10,kakao,C0010,베스트셀러 룩북 소개,image,6598,4575,3115,331,13,4,54507,245976
2026-07-10,google_ads,C0011,신규 입고 코디 가이드,image,9759,6237,4396,194,6,1,82919,89956
2026-07-10,kakao,C0016,시즌오프 단독 특가 총정리,carousel,6876,4281,1781,350,15,3,58932,283967
2026-07-10,facebook,C0018,리뷰 이벤트 패키지 총정리,video,14098,10743,4389,350,7,1,60541,41267
2026-07-10,instagram,C0019,베스트셀러 체험단 가이드,carousel,15954,13487,5293,689,14,3,110786,275074
2026-07-10,naver_blog,C0020,브랜드 협업 체험단 소개,blog_post,6582,5712,2735,502,14,6,0,403614
2026-07-10,google_ads,C0023,신규 입고 세트 후기,video,21739,14455,8733,834,19,5,200560,410773
2026-07-10,facebook,C0024,시즌오프 룩북 안내,carousel,6149,5337,2831,106,1,0,33658,0
2026-07-10,instagram,C0025,브랜드 협업 세트 안내,carousel,9909,7249,4058,454,12,2,57978,83713
2026-07-10,youtube,C0027,신규 입고 룩북 가이드,reels,13801,9609,6302,313,6,1,49790,49894
2026-07-10,kakao,C0028,직원 추천 쿠폰 소개,carousel,4270,3044,1147,254,9,4,28396,230089
2026-07-10,instagram,C0031,여름 클리어런스 세트 모음,image,11758,8712,5612,643,16,4,78761,275997
2026-07-10,naver_blog,C0032,베스트셀러 쿠폰 안내,blog_post,5895,4586,3104,478,11,5,0,315981
2026-07-10,youtube,C0033,직원 추천 룩북 모음,reels,14724,9883,6394,197,4,0,54866,0
2026-07-10,google_ads,C0035,가을 신상 기획전 가이드,image,17001,12232,6889,524,16,7,175407,630982
2026-07-10,facebook,C0036,직원 추천 기획전 총정리,image,12943,9380,6392,321,3,0,56356,0
2026-07-10,instagram,C0037,리뷰 이벤트 세트 후기,reels,11405,9215,4161,350,7,2,69977,147355
2026-07-10,naver_blog,C0038,재입고 알림 체험단 가이드,blog_post,4820,3558,2362,455,11,3,0,221966
2026-07-10,youtube,C0039,여름 클리어런스 세트 총정리,video,25160,16286,7645,662,9,1,95881,89625
2026-07-10,google_ads,C0041,시즌오프 단독 특가 후기,image,15338,13455,9359,673,15,6,121924,552557
2026-07-10,facebook,C0042,시즌오프 패키지 추천,video,11034,8598,5594,179,2,0,54519,0
2026-07-10,instagram,C0043,시즌오프 룩북 추천,reels,17649,14397,9768,968,21,6,101722,414104
2026-07-10,naver_blog,C0044,가을 신상 체험단 가이드,blog_post,3207,2802,1314,198,5,1,0,56292
2026-07-10,youtube,C0045,시즌오프 코디 안내,reels,28521,22573,14041,600,5,1,103985,40722
2026-07-10,kakao,C0046,직원 추천 패키지 안내,image,11302,7559,2938,582,26,11,93880,900095
2026-07-10,google_ads,C0047,한정 수량 세트 후기,image,14012,9248,4963,512,11,3,144080,263196
2026-07-10,facebook,C0048,브랜드 협업 패키지 모음,carousel,15673,10483,4746,204,2,0,81853,0
2026-07-10,instagram,C0049,직원 추천 세트 추천,reels,13666,11120,4881,403,7,1,93143,64895
2026-07-10,youtube,C0051,신규 입고 코디 후기,video,22852,14667,7474,476,7,1,83112,54992
2026-07-10,google_ads,C0053,베스트셀러 단독 특가 안내,video,15265,12369,6263,505,13,4,138603,268595
2026-07-10,naver_blog,C0056,여름 클리어런스 단독 특가 총정리,blog_post,4094,3226,2273,244,5,1,0,54639
2026-07-10,youtube,C0057,신규 입고 쿠폰 후기,video,22198,17342,10662,353,3,0,103846,0
2026-07-10,google_ads,C0059,시즌오프 룩북 가이드,image,11189,9222,4413,343,10,4,88442,270712
2026-07-10,facebook,C0060,한정 수량 기획전 가이드,video,6929,4846,3321,110,1,0,31395,0
2026-07-11,naver_blog,C0002,브랜드 협업 쿠폰 안내,blog_post,2012,1495,708,103,2,0,0,0
2026-07-11,google_ads,C0005,여름 클리어런스 쿠폰 안내,image,19018,14674,7787,624,12,5,174616,472363
2026-07-11,facebook,C0006,재입고 알림 기획전 소개,video,6412,4254,1719,132,1,0,31604,0
2026-07-11,instagram,C0007,브랜드 협업 세트 후기,reels,15660,10756,5700,663,9,2,108207,178050
2026-07-11,naver_blog,C0008,신규 입고 기획전 소개,blog_post,5069,4331,2470,229,9,4,0,164560
2026-07-11,kakao,C0010,베스트셀러 룩북 소개,image,5533,4146,1825,363,21,7,44539,354629
2026-07-11,youtube,C0015,베스트셀러 패키지 가이드,video,20434,17329,10417,489,7,2,86515,109184
2026-07-11,kakao,C0016,시즌오프 단독 특가 총정리,carousel,8026,5792,2921,477,16,3,60557,176640
2026-07-11,facebook,C0018,리뷰 이벤트 패키지 총정리,video,10586,7815,5534,268,3,0,52912,0
2026-07-11,instagram,C0019,베스트셀러 체험단 가이드,carousel,15588,10273,7269,797,21,5,94885,419940
2026-07-11,naver_blog,C0020,브랜드 협업 체험단 소개,blog_post,4202,2914,1659,257,7,2,,152627
2026-07-11,google_ads,C0023,신규 입고 세트 후기,video,19505,13529,9035,691,23,5,153742,274433
2026-07-11,instagram,C0025,브랜드 협업 세트 안내,carousel,8051,5160,2223,384,8,3,54483,189722
2026-07-11,kakao,C0028,직원 추천 쿠폰 소개,carousel,2695,1882,875,154,7,2,20686,155165
2026-07-11,instagram,C0031,여름 클리어런스 세트 모음,image,8634,6597,3043,339,8,2,56892,121356
2026-07-11,youtube,C0033,직원 추천 룩북 모음,reels,10883,7997,3725,171,3,0,44716,0
2026-07-11,google_ads,C0035,가을 신상 기획전 가이드,image,14596,9154,5096,583,15,6,135904,339788
2026-07-11,facebook,C0036,직원 추천 기획전 총정리,image,9132,5964,3286,199,2,0,44189,0
2026-07-11,instagram,C0037,리뷰 이벤트 세트 후기,reels,6124,5082,3423,168,2,0,43745,0
2026-07-11,naver_blog,C0038,재입고 알림 체험단 가이드,blog_post,3303,2131,974,261,7,1,0,80726
2026-07-11,youtube,C0039,여름 클리어런스 세트 총정리,video,21241,14301,5768,570,8,1,93914,86874
2026-07-11,google_ads,C0041,시즌오프 단독 특가 후기,image,9490,8324,2933,361,11,2,72599,146416
2026-07-11,facebook,C0042,시즌오프 패키지 추천,video,7908,5323,2796,160,2,0,35053,0
2026-07-11,instagram,C0043,시즌오프 룩북 추천,reels,15232,12692,8394,717,21,7,109680,517606
2026-07-11,naver_blog,C0044,가을 신상 체험단 가이드,blog_post,2603,1738,1134,156,4,1,0,70067
2026-07-11,youtube,C0045,시즌오프 코디 안내,reels,21391,18596,9900,544,7,2,79258,125858
2026-07-11,kakao,C0046,직원 추천 패키지 안내,image,6115,4518,2524,287,10,4,51272,296372
2026-07-11,google_ads,C0047,한정 수량 세트 후기,image,14172,12334,6452,484,11,5,122104,435355
2026-07-11,facebook,C0048,브랜드 협업 패키지 모음,carousel,10434,8384,4146,129,2,0,55600,0
2026-07-11,instagram,C0049,직원 추천 세트 추천,reels,10460,8624,3906,294,5,1,76478,75482
2026-07-11,youtube,C0051,신규 입고 코디 후기,video,15244,12063,6793,433,7,1,56906,57824
2026-07-11,naver_blog,C0056,여름 클리어런스 단독 특가 총정리,blog_post,3263,2365,867,250,6,1,0,45842
2026-07-11,youtube,C0057,신규 입고 쿠폰 후기,video,23857,20878,13553,434,5,1,90399,89086
2026-07-11,google_ads,C0059,시즌오프 룩북 가이드,image,10341,6584,3795,293,10,2,100421,146718
2026-07-11,facebook,C0060,한정 수량 기획전 가이드,video,6975,4906,2985,118,2,0,31733,0
2026-07-12,instagram,C0001,가을 신상 단독 특가 모음,image,12002,8333,3536,438,13,5,70811,360079
2026-07-12,naver_blog,C0002,브랜드 협업 쿠폰 안내,blog_post,2662,1791,1163,182,5,1,0,70061
2026-07-12,kakao,C0004,베스트셀러 쿠폰 추천,image,4086,3501,2057,233,12,5,30403,296829
2026-07-12,google_ads,C0005,여름 클리어런스 쿠폰 안내,image,14635,9598,3597,519,13,2,115045,166062
2026-07-12,facebook,C0006,재입고 알림 기획전 소개,video,4728,3214,1840,108,1,0,26634,0
2026-07-12,instagram,C0007,브랜드 협업 세트 후기,reels,12792,8157,5485,680,10,3,91958,273748
2026-07-12,naver_blog,C0008,신규 입고 기획전 소개,blog_post,3770,2392,1454,170,5,2,0,108935
2026-07-12,youtube,C0009,한정 수량 세트 후기,reels,17053,12056,7630,217,3,0,80736,0
2026-07-12,kakao,C0010,베스트셀러 룩북 소개,image,7400,5041,1900,523,29,14,59921,587228
2026-07-12,kakao,C0016,시즌오프 단독 특가 총정리,carousel,6554,4200,2326,383,13,2,42306,135836
2026-07-12,google_ads,C0017,한정 수량 기획전 추천,video,11790,8239,5474,555,9,1,114819,84624
2026-07-12,facebook,C0018,리뷰 이벤트 패키지 총정리,video,11929,9511,5925,276,3,0,63142,0
2026-07-12,instagram,C0019,베스트셀러 체험단 가이드,carousel,14100,9247,4734,796,26,7,83226,448062
2026-07-12,naver_blog,C0020,브랜드 협업 체험단 소개,blog_post,4360,3370,1462,358,16,7,0,498698
2026-07-12,google_ads,C0023,신규 입고 세트 후기,video,21602,17957,6793,610,12,2,185649,152072
2026-07-12,facebook,C0024,시즌오프 룩북 안내,carousel,3641,2831,1492,46,0,0,18443,0
2026-07-12,instagram,C0025,브랜드 협업 세트 안내,carousel,7966,5678,3909,341,9,4,56131,224390
2026-07-12,youtube,C0027,신규 입고 룩북 가이드,reels,10159,7005,4260,218,2,0,45298,0
2026-07-12,kakao,C0028,직원 추천 쿠폰 소개,carousel,2514,1691,677,167,5,2,17218,120962
2026-07-12,instagram,C0031,여름 클리어런스 세트 모음,image,8001,6994,4255,400,9,1,51989,41856
2026-07-12,naver_blog,C0032,베스트셀러 쿠폰 안내,blog_post,4734,3953,1507,305,11,4,0,349810
2026-07-12,youtube,C0033,직원 추천 룩북 모음,reels,10458,6985,3558,114,1,0,41918,0
2026-07-12,google_ads,C0035,가을 신상 기획전 가이드,image,14873,12675,8763,584,20,7,144187,411263
2026-07-12,facebook,C0036,직원 추천 기획전 총정리,image,8102,5923,3671,188,2,0,39150,0
2026-07-12,instagram,C0037,리뷰 이벤트 세트 후기,reels,8176,6894,4805,225,5,1,53445,48940
2026-07-12,naver_blog,C0038,재입고 알림 체험단 가이드,blog_post,3734,3212,1280,239,10,5,0,223522
2026-07-12,youtube,C0039,여름 클리어런스 세트 총정리,video,23199,16763,9684,536,9,2,106504,146879
2026-07-12,google_ads,C0041,시즌오프 단독 특가 후기,image,10006,7038,3152,333,9,2,89147,186247
2026-07-12,facebook,C0042,시즌오프 패키지 추천,video,10717,7251,2695,225,3,0,50595,0
2026-07-12,instagram,C0043,시즌오프 룩북 추천,reels,9513,7792,3523,505,8,2,55284,147974
2026-07-12,naver_blog,C0044,가을 신상 체험단 가이드,blog_post,1816,1144,690,117,4,0,0,0
2026-07-12,youtube,C0045,시즌오프 코디 안내,reels,20174,13866,6173,515,9,1,90280,73031
2026-07-12,kakao,C0046,직원 추천 패키지 안내,image,5828,4285,2309,304,10,3,47941,188634
2026-07-12,google_ads,C0047,한정 수량 세트 후기,image,12912,8485,3994,451,10,3,121506,197663
2026-07-12,instagram,C0049,직원 추천 세트 추천,reels,7237,4570,3172,215,3,1,51387,68093
2026-07-12,youtube,C0051,신규 입고 코디 후기,video,14331,11051,5274,308,5,0,64275,0
2026-07-12,google_ads,C0053,베스트셀러 단독 특가 안내,video,13450,8613,3260,570,12,4,123753,280611
2026-07-12,instagram,C0055,시즌오프 세트 추천,image,16293,13692,7465,650,15,4,104030,219220
2026-07-12,naver_blog,C0056,여름 클리어런스 단독 특가 총정리,blog_post,2551,1743,766,189,5,1,0,81150
2026-07-12,youtube,C0057,신규 입고 쿠폰 후기,video,21758,18469,8937,341,5,1,95587,73287
2026-07-12,kakao,C0058,리뷰 이벤트 단독 특가 모음,image,4821,3702,2428,190,8,4,35155,288646
2026-07-12,google_ads,C0059,시즌오프 룩북 가이드,image,8751,6078,2833,244,6,3,80554,224383
2026-07-12,facebook,C0060,한정 수량 기획전 가이드,video,6375,5405,1922,96,1,0,35988,0
2026-07-13,instagram,C0001,가을 신상 단독 특가 모음,image,14693,9239,4708,668,22,4,106016,362097
2026-07-13,kakao,C0004,베스트셀러 쿠폰 추천,image,5083,3887,2384,246,13,7,39168,517402
2026-07-13,facebook,C0006,재입고 알림 기획전 소개,video,9541,6795,3506,226,3,0,44689,0
2026-07-13,instagram,C0007,브랜드 협업 세트 후기,reels,13840,9240,5852,723,23,4,100636,290581
2026-07-13,naver_blog,C0008,신규 입고 기획전 소개,blog_post,6222,4471,2290,334,12,6,0,271976
2026-07-13,youtube,C0009,한정 수량 세트 후기,reels,29151,24874,14042,494,6,1,115770,49812
2026-07-13,kakao,C0010,베스트셀러 룩북 소개,image,10500,8515,6096,556,23,10,81478,454706
2026-07-13,google_ads,C0011,신규 입고 코디 가이드,image,11471,7928,4062,318,7,3,118378,244322
2026-07-13,kakao,C0016,시즌오프 단독 특가 총정리,carousel,7424,5002,3303,406,10,5,63361,348453
2026-07-13,google_ads,C0017,한정 수량 기획전 추천,video,13412,11218,4033,468,17,6,129112,411894
2026-07-13,facebook,C0018,리뷰 이벤트 패키지 총정리,video,13230,8579,5244,341,5,1,61447,87547
2026-07-13,naver_blog,C0020,브랜드 협업 체험단 소개,blog_post,5934,4224,1601,495,20,6,0,407329
2026-07-13,google_ads,C0023,신규 입고 세트 후기,video,28565,23481,14359,879,32,10,290431,836808
2026-07-13,facebook,C0024,시즌오프 룩북 안내,carousel,6936,5492,3705,84,1,0,30902,0
2026-07-13,instagram,C0025,브랜드 협업 세트 안내,carousel,12698,10095,4524,527,15,5,77153,254607
2026-07-13,naver_blog,C0032,베스트셀러 쿠폰 안내,blog_post,5508,3511,1953,344,8,2,0,108938
2026-07-13,youtube,C0033,직원 추천 룩북 모음,reels,19113,14256,8454,223,2,0,75268,0
2026-07-13,google_ads,C0035,가을 신상 기획전 가이드,image,23623,17055,8222,791,14,3,236901,244568
2026-07-13,facebook,C0036,직원 추천 기획전 총정리,image,15086,10629,6325,271,4,0,66684,0
2026-07-13,instagram,C0037,리뷰 이벤트 세트 후기,reels,12070,9911,5242,378,8,2,72214,112002
2026-07-13,youtube,C0039,여름 클리어런스 세트 총정리,video,44000,36235,13497,1195,14,2,178778,128614
2026-07-13,kakao,C0040,한정 수량 단독 특가 모음,image,11122,7671,4751,542,28,9,81158,643390
2026-07-13,google_ads,C0041,시즌오프 단독 특가 후기,image,12037,9419,6600,481,11,4,92730,318890
2026-07-13,facebook,C0042,시즌오프 패키지 추천,video,10602,8515,5854,210,3,0,53306,0
2026-07-13,instagram,C0043,시즌오프 룩북 추천,reels,14027,9269,5081,742,13,5,102407,291163
2026-07-13,naver_blog,C0044,가을 신상 체험단 가이드,blog_post,3663,3166,1150,167,7,1,0,61886
2026-07-13,youtube,C0045,시즌오프 코디 안내,reels,23932,16269,10343,513,6,0,109079,0
2026-07-13,kakao,C0046,직원 추천 패키지 안내,image,8788,7140,3212,427,11,5,71098,314229
2026-07-13,google_ads,C0047,한정 수량 세트 후기,image,18469,14355,5830,633,21,5,171491,285852
2026-07-13,facebook,C0048,브랜드 협업 패키지 모음,carousel,15289,9572,4320,203,2,0,75789,0
2026-07-13,instagram,C0049,직원 추천 세트 추천,reels,10126,8823,4919,256,8,2,60776,81893
2026-07-13,youtube,C0051,신규 입고 코디 후기,video,19708,14128,7801,403,4,1,80224,52766
2026-07-13,google_ads,C0053,베스트셀러 단독 특가 안내,video,16201,12752,6031,657,25,5,131341,437827
2026-07-13,instagram,C0055,시즌오프 세트 추천,image,18620,12228,7069,896,25,8,111314,657659
2026-07-13,naver_blog,C0056,여름 클리어런스 단독 특가 총정리,blog_post,3758,2660,1079,234,8,2,0,80612
2026-07-13,youtube,C0057,신규 입고 쿠폰 후기,video,32610,24844,11572,576,7,2,137554,174451
2026-07-13,google_ads,C0059,시즌오프 룩북 가이드,image,11637,9330,4562,430,8,3,94244,192204
2026-07-14,instagram,C0001,가을 신상 단독 특가 모음,image,17880,11879,7687,752,21,7,112712,394249
2026-07-14,naver_blog,C0002,브랜드 협업 쿠폰 안내,blog_post,3304,2840,1705,197,7,2,0,151524
2026-07-14,kakao,C0004,베스트셀러 쿠폰 추천,image,4685,3652,2243,270,9,3,39735,272968
2026-07-14,google_ads,C0005,여름 클리어런스 쿠폰 안내,image,25084,16434,8940,1037,17,5,202075,218438
2026-07-14,instagram,C0007,브랜드 협업 세트 후기,reels,14698,11765,6458,613,9,2,85690,118549
2026-07-14,naver_blog,C0008,신규 입고 기획전 소개,blog_post,5139,4026,2791,250,10,5,0,360728
2026-07-14,youtube,C0009,한정 수량 세트 후기,reels,27647,18972,10437,438,4,0,124152,0
2026-07-14,kakao,C0010,베스트셀러 룩북 소개,image,8228,5320,3430,510,25,8,66745,580554
2026-07-14,google_ads,C0011,신규 입고 코디 가이드,image,16820,14238,8504,399,8,3,173591,135070
2026-07-14,youtube,C0015,베스트셀러 패키지 가이드,video,18895,12524,8436,362,7,0,79637,0
2026-07-14,kakao,C0016,시즌오프 단독 특가 총정리,carousel,10075,7103,3801,423,18,6,72967,396577
2026-07-14,google_ads,C0017,한정 수량 기획전 추천,video,18514,14033,9497,833,31,15,183302,1186861
2026-07-14,facebook,C0018,리뷰 이벤트 패키지 총정리,video,15621,11675,7494,380,6,1,74547,41391
2026-07-14,instagram,C0019,베스트셀러 체험단 가이드,carousel,21581,17139,10618,931,23,11,158768,671386
2026-07-14,naver_blog,C0020,브랜드 협업 체험단 소개,blog_post,8487,5285,2714,640,13,4,0,180703
2026-07-14,google_ads,C0023,신규 입고 세트 후기,video,35348,27492,9963,1069,29,5,336790,269585
2026-07-14,facebook,C0024,시즌오프 룩북 안내,carousel,7530,6280,4203,132,3,0,37540,0
2026-07-14,instagram,C0025,브랜드 협업 세트 안내,carousel,12696,10349,6713,499,7,3,73937,241472
2026-07-14,kakao,C0028,직원 추천 쿠폰 소개,carousel,4068,3416,1266,240,6,1,30913,94087
2026-07-14,instagram,C0031,여름 클리어런스 세트 모음,image,15452,9647,6365,830,16,6,112663,433659
2026-07-14,youtube,C0033,직원 추천 룩북 모음,reels,22445,16268,10736,320,3,0,94312,0
2026-07-14,google_ads,C0035,가을 신상 기획전 가이드,image,16757,12321,5568,497,13,3,161980,258246
2026-07-14,facebook,C0036,직원 추천 기획전 총정리,image,11146,7926,3775,243,4,0,55111,0
2026-07-14,instagram,C0037,리뷰 이벤트 세트 후기,reels,8956,7251,3035,259,8,3,63256,155891
2026-07-14,youtube,C0039,여름 클리어런스 세트 총정리,video,29945,24204,10681,832,13,4,114113,326283
2026-07-14,kakao,C0040,한정 수량 단독 특가 모음,image,7366,5918,2461,328,11,3,50078,265788
2026-07-14,google_ads,C0041,시즌오프 단독 특가 후기,image,13025,10437,4674,496,14,4,122212,258928
2026-07-14,facebook,C0042,시즌오프 패키지 추천,video,15989,10065,6631,273,4,0,84794,0
2026-07-14,instagram,C0043,시즌오프 룩북 추천,reels,19631,16235,6928,980,23,9,138867,404924
2026-07-14,naver_blog,C0044,가을 신상 체험단 가이드,blog_post,2966,2199,795,142,5,1,0,47689
2026-07-14,youtube,C0045,시즌오프 코디 안내,reels,25661,19835,7190,661,10,3,91865,189532
2026-07-14,kakao,C0046,직원 추천 패키지 안내,image,11903,7689,5288,640,26,7,76464,591550
2026-07-14,google_ads,C0047,한정 수량 세트 후기,image,16924,12406,6175,601,13,3,144907,231961
2026-07-14,facebook,C0048,브랜드 협업 패키지 모음,carousel,19308,16375,10355,338,5,1,104477,92469
2026-07-14,instagram,C0049,직원 추천 세트 추천,reels,9994,7527,5203,294,9,4,59084,373934
2026-07-14,youtube,C0051,신규 입고 코디 후기,video,17447,12328,8693,502,6,1,79905,65229
2026-07-14,google_ads,C0053,베스트셀러 단독 특가 안내,video,12122,7980,5400,403,7,1,99387,44959
2026-07-14,instagram,C0055,시즌오프 세트 추천,image,23911,20082,9809,1153,24,7,164130,549030
2026-07-14,youtube,C0057,신규 입고 쿠폰 후기,video,34077,27384,17315,476,5,1,127388,82529
2026-07-14,google_ads,C0059,시즌오프 룩북 가이드,image,16633,12148,6022,462,12,5,153578,260965
2026-07-14,facebook,C0060,한정 수량 기획전 가이드,video,9037,6470,3078,181,3,0,50804,0
2026-07-15,instagram,C0001,가을 신상 단독 특가 모음,image,14939,9992,4278,615,12,4,94939,222692
2026-07-15,naver_blog,C0002,브랜드 협업 쿠폰 안내,blog_post,4195,2638,1858,241,6,2,0,171765
2026-07-15,kakao,C0004,베스트셀러 쿠폰 추천,image,5897,3811,2549,378,9,3,45218,183358
2026-07-15,google_ads,C0005,여름 클리어런스 쿠폰 안내,image,20786,18075,9012,841,19,5,194600,365999
2026-07-15,facebook,C0006,재입고 알림 기획전 소개,video,8391,6015,3159,192,3,0,45548,0
2026-07-15,naver_blog,C0008,신규 입고 기획전 소개,blog_post,5504,4378,1775,275,12,4,0,203474
2026-07-15,youtube,C0009,한정 수량 세트 후기,reels,27873,17633,8009,352,5,1,130734,77751
2026-07-15,kakao,C0010,베스트셀러 룩북 소개,image,8417,5866,3831,513,16,5,53990,289273
2026-07-15,google_ads,C0011,신규 입고 코디 가이드,image,14995,10689,3885,394,8,1,118540,79973
2026-07-15,youtube,C0015,베스트셀러 패키지 가이드,video,21751,15039,10671,483,5,1,100533,80297
2026-07-15,kakao,C0016,시즌오프 단독 특가 총정리,carousel,8945,5723,2792,381,22,10,74776,610052
2026-07-15,facebook,C0018,리뷰 이벤트 패키지 총정리,video,18063,14717,7451,331,7,1,94457,88560
2026-07-15,instagram,C0019,베스트셀러 체험단 가이드,carousel,20830,13545,5701,917,18,5,149783,267031
2026-07-15,naver_blog,C0020,브랜드 협업 체험단 소개,blog_post,6946,5160,3258,506,21,10,0,552269
2026-07-15,google_ads,C0023,신규 입고 세트 후기,video,34524,27492,12395,1104,19,6,276204,328127
2026-07-15,facebook,C0024,시즌오프 룩북 안내,carousel,7404,5202,2246,89,1,0,34663,0
2026-07-15,instagram,C0025,브랜드 협업 세트 안내,carousel,12209,9435,5518,548,11,5,67753,293663
2026-07-15,youtube,C0027,신규 입고 룩북 가이드,reels,14347,10618,6633,272,4,1,55841,41774
2026-07-15,naver_blog,C0032,베스트셀러 쿠폰 안내,blog_post,7626,5412,2309,645,20,6,0,344061
2026-07-15,youtube,C0033,직원 추천 룩북 모음,reels,19179,12722,6107,249,5,0,91990,0
2026-07-15,google_ads,C0035,가을 신상 기획전 가이드,image,20671,14077,9724,595,18,8,163545,416054
2026-07-15,instagram,C0037,리뷰 이벤트 세트 후기,reels,9277,6135,3912,283,6,1,64846,62999
2026-07-15,youtube,C0039,여름 클리어런스 세트 총정리,video,33817,24159,9399,955,19,5,134266,347297
2026-07-15,kakao,C0040,한정 수량 단독 특가 모음,image,10980,8220,4287,647,26,15,74385,837936
2026-07-15,google_ads,C0041,시즌오프 단독 특가 후기,image,13062,9674,4002,581,14,5,134283,312830
2026-07-15,facebook,C0042,시즌오프 패키지 추천,video,14261,9355,5420,306,5,1,80834,57876
2026-07-15,instagram,C0043,시즌오프 룩북 추천,reels,17253,12813,4915,756,21,9,117329,633268
2026-07-15,kakao,C0046,직원 추천 패키지 안내,image,10166,8614,3573,697,39,13,71509,1159528
2026-07-15,google_ads,C0047,한정 수량 세트 후기,image,15692,10728,6149,588,20,10,141237,461136
2026-07-15,facebook,C0048,브랜드 협업 패키지 모음,carousel,14046,12068,4934,208,4,0,60376,0
2026-07-15,instagram,C0049,직원 추천 세트 추천,reels,15190,13349,8930,320,7,1,105132,46654
2026-07-15,naver_blog,C0050,신규 입고 세트 가이드,blog_post,4377,3321,1191,309,12,3,0,185735
2026-07-15,youtube,C0051,신규 입고 코디 후기,video,19577,15785,8512,503,7,1,73490,54437
2026-07-15,google_ads,C0053,베스트셀러 단독 특가 안내,video,17865,11595,4783,622,15,7,175041,360882
2026-07-15,instagram,C0055,시즌오프 세트 추천,image,23009,14708,10041,1116,21,5,140373,322284
2026-07-15,naver_blog,C0056,여름 클리어런스 단독 특가 총정리,blog_post,4607,3536,2015,342,8,2,0,104312
2026-07-15,youtube,C0057,신규 입고 쿠폰 후기,video,25697,22244,9088,451,6,1,101285,80905
2026-07-15,kakao,C0058,리뷰 이벤트 단독 특가 모음,image,6091,4239,2086,298,7,2,42982,144265
2026-07-15,google_ads,C0059,시즌오프 룩북 가이드,image,16257,13230,9506,524,16,3,139474,145719
2026-07-16,instagram,C0001,가을 신상 단독 특가 모음,image,16449,13899,7360,603,14,3,119656,122348
2026-07-16,kakao,C0004,베스트셀러 쿠폰 추천,image,4697,3186,1443,298,15,7,33710,456838
2026-07-16,naver_blog,C0008,신규 입고 기획전 소개,blog_post,6597,5433,2955,315,8,3,0,185751
2026-07-16,youtube,C0009,한정 수량 세트 후기,reels,21501,16423,8997,351,6,2,78274,142337
2026-07-16,kakao,C0010,베스트셀러 룩북 소개,image,7741,6287,3804,491,16,7,57292,295489
2026-07-16,google_ads,C0011,신규 입고 코디 가이드,image,14128,9094,3822,384,6,2,128012,86695
2026-07-16,youtube,C0015,베스트셀러 패키지 가이드,video,22605,17431,9095,473,8,1,98754,50803
2026-07-16,kakao,C0016,시즌오프 단독 특가 총정리,carousel,6959,4671,2572,306,12,5,53471,436813
2026-07-16,google_ads,C0017,한정 수량 기획전 추천,video,20638,16966,7160,917,28,9,157908,733507
2026-07-16,facebook,C0018,리뷰 이벤트 패키지 총정리,video,14267,9500,5108,325,7,1,79194,53696
2026-07-16,instagram,C0019,베스트셀러 체험단 가이드,carousel,21369,14964,7673,1239,40,12,131364,1123073
2026-07-16,naver_blog,C0020,브랜드 협업 체험단 소개,blog_post,5931,3778,1926,408,19,6,0,450501
2026-07-16,google_ads,C0023,신규 입고 세트 후기,video,31416,25709,11026,1044,25,9,249062,508530
2026-07-16,facebook,C0024,시즌오프 룩북 안내,carousel,5960,3934,1604,99,2,0,30784,0
2026-07-16,instagram,C0025,브랜드 협업 세트 안내,carousel,12403,10853,6422,667,19,4,91088,263835
2026-07-16,kakao,C0028,직원 추천 쿠폰 소개,carousel,3292,2326,1118,202,8,3,23901,188825
2026-07-16,instagram,C0031,여름 클리어런스 세트 모음,image,13144,11459,5509,695,23,9,73119,708647
2026-07-16,naver_blog,C0032,베스트셀러 쿠폰 안내,blog_post,7891,5497,2683,519,22,6,0,424790
2026-07-16,youtube,C0033,직원 추천 룩북 모음,reels,17397,14659,5710,209,2,0,77917,0
2026-07-16,google_ads,C0035,가을 신상 기획전 가이드,image,24691,15603,9267,896,33,11,207562,807056
2026-07-16,facebook,C0036,직원 추천 기획전 총정리,image,9504,7473,3378,191,4,0,42306,0
2026-07-16,instagram,C0037,리뷰 이벤트 세트 후기,reels,9703,7971,4010,233,4,1,57393,44840
2026-07-16,youtube,C0039,여름 클리어런스 세트 총정리,video,37072,30336,13543,919,11,1,168412,43740
2026-07-16,kakao,C0040,한정 수량 단독 특가 모음,image,9904,6948,4625,600,24,13,67241,854853
2026-07-16,google_ads,C0041,시즌오프 단독 특가 후기,image,12562,10001,6105,433,14,2,100141,125185
2026-07-16,facebook,C0042,시즌오프 패키지 추천,video,12864,8136,4438,268,4,0,63108,0
2026-07-16,instagram,C0043,시즌오프 룩북 추천,reels,16080,13307,8547,741,18,6,111870,426551
2026-07-16,youtube,C0045,시즌오프 코디 안내,reels,26221,21701,14390,522,10,2,126414,162709
2026-07-16,kakao,C0046,직원 추천 패키지 안내,image,10106,6993,3615,679,33,15,66086,1134467
2026-07-16,google_ads,C0047,한정 수량 세트 후기,image,15612,12490,8161,476,8,3,119699,256656
2026-07-16,facebook,C0048,브랜드 협업 패키지 모음,carousel,12733,9308,4149,170,3,0,62858,0
2026-07-16,instagram,C0049,직원 추천 세트 추천,reels,14016,10783,5188,412,12,2,98565,102675
2026-07-16,naver_blog,C0050,신규 입고 세트 가이드,blog_post,2994,2324,1539,237,8,4,0,232041
2026-07-16,youtube,C0051,신규 입고 코디 후기,video,17276,12071,6119,380,7,1,69410,47552
2026-07-16,instagram,C0055,시즌오프 세트 추천,image,24127,17311,8902,1289,36,10,154323,619548
2026-07-16,naver_blog,C0056,여름 클리어런스 단독 특가 총정리,blog_post,3790,3152,1211,221,10,4,0,186774
2026-07-16,youtube,C0057,신규 입고 쿠폰 후기,video,27460,21343,13390,424,4,1,125704,59792
2026-07-16,kakao,C0058,리뷰 이벤트 단독 특가 모음,image,5738,4239,1495,298,11,6,41158,552091
2026-07-16,google_ads,C0059,시즌오프 룩북 가이드,image,13622,11448,5280,548,10,4,118540,263699
2026-07-17,instagram,C0001,가을 신상 단독 특가 모음,image,17552,12357,4968,667,16,3,102305,234686
2026-07-17,kakao,C0004,베스트셀러 쿠폰 추천,image,3774,3127,2096,230,8,3,25396,148449
2026-07-17,naver_blog,C0008,신규 입고 기획전 소개,blog_post,6051,4037,2726,273,6,2,0,113667
2026-07-17,kakao,C0010,베스트셀러 룩북 소개,image,7476,6157,2910,517,13,7,63026,297902
2026-07-17,google_ads,C0011,신규 입고 코디 가이드,image,13457,10180,4158,260,9,1,138850,46182
2026-07-17,youtube,C0015,베스트셀러 패키지 가이드,video,25068,21122,11587,441,7,1,99329,65821
2026-07-17,google_ads,C0017,한정 수량 기획전 추천,video,17368,12419,7166,747,20,8,172817,406366
2026-07-17,facebook,C0018,리뷰 이벤트 패키지 총정리,video,10869,9401,4074,205,2,0,60653,0
2026-07-17,instagram,C0019,베스트셀러 체험단 가이드,carousel,16668,11134,6613,756,25,9,108989,645697
2026-07-17,kakao,C0022,시즌오프 패키지 모음,image,3652,2664,1584,185,10,2,30726,122353
2026-07-17,google_ads,C0023,신규 입고 세트 후기,video,21801,14549,5861,589,20,4,185762,285859
2026-07-17,facebook,C0024,시즌오프 룩북 안내,carousel,4942,3871,2524,76,1,0,25609,0
2026-07-17,instagram,C0025,브랜드 협업 세트 안내,carousel,7607,5268,3341,429,8,3,45815,253153
2026-07-17,youtube,C0027,신규 입고 룩북 가이드,reels,13550,10737,6411,272,4,0,54612,0
2026-07-17,kakao,C0028,직원 추천 쿠폰 소개,carousel,4595,2999,1301,253,7,3,32350,264095
2026-07-17,instagram,C0031,여름 클리어런스 세트 모음,image,12448,10903,4150,673,16,4,91622,379679
2026-07-17,naver_blog,C0032,베스트셀러 쿠폰 안내,blog_post,7758,5257,1872,601,18,7,0,338431
2026-07-17,youtube,C0033,직원 추천 룩북 모음,reels,18608,13291,5784,293,4,0,68778,0
2026-07-17,google_ads,C0035,가을 신상 기획전 가이드,image,19862,15506,10264,738,14,7,184639,610443
2026-07-17,facebook,C0036,직원 추천 기획전 총정리,image,13592,11780,5415,335,7,2,67307,94973
2026-07-17,youtube,C0039,여름 클리어런스 세트 총정리,video,29174,22303,10377,835,13,4,106328,250282
2026-07-17,kakao,C0040,한정 수량 단독 특가 모음,image,9688,7932,5144,596,19,10,75844,615049
2026-07-17,google_ads,C0041,시즌오프 단독 특가 후기,image,14900,9511,6718,519,19,4,143741,367755
2026-07-17,facebook,C0042,시즌오프 패키지 추천,video,11722,9316,5882,168,1,0,51622,0
2026-07-17,instagram,C0043,시즌오프 룩북 추천,reels,14729,11661,5370,579,16,4,83399,375378
2026-07-17,youtube,C0045,시즌오프 코디 안내,reels,21300,18677,9173,587,6,1,91740,88193
2026-07-17,kakao,C0046,직원 추천 패키지 안내,image,11184,9139,3958,549,32,14,86372,839163
2026-07-17,facebook,C0048,브랜드 협업 패키지 모음,carousel,16063,13981,7074,255,5,0,85713,0
2026-07-17,instagram,C0049,직원 추천 세트 추천,reels,10074,7575,3827,291,9,1,57645,84329
2026-07-17,naver_blog,C0050,신규 입고 세트 가이드,blog_post,3645,2820,1681,218,9,4,0,283347
2026-07-17,youtube,C0051,신규 입고 코디 후기,video,19011,16360,8041,480,7,2,90722,143318
2026-07-17,google_ads,C0053,베스트셀러 단독 특가 안내,video,16085,11481,6875,674,17,5,155375,295508
2026-07-17,instagram,C0055,시즌오프 세트 추천,image,22645,17415,9463,1296,38,13,159452,998383
2026-07-17,naver_blog,C0056,여름 클리어런스 단독 특가 총정리,blog_post,3880,2429,1700,219,10,4,0,320392
2026-07-17,youtube,C0057,신규 입고 쿠폰 후기,video,29809,21148,15019,446,6,0,123627,0
2026-07-17,google_ads,C0059,시즌오프 룩북 가이드,image,15046,10147,6445,514,12,3,129261,254552
2026-07-17,facebook,C0060,한정 수량 기획전 가이드,video,8261,5838,3374,161,3,0,45377,0
2026-07-18,instagram,C0001,가을 신상 단독 특가 모음,image,14911,11723,5460,629,11,3,90079,236720
2026-07-18,kakao,C0004,베스트셀러 쿠폰 추천,image,4577,3903,2456,310,11,2,35170,179971
2026-07-18,google_ads,C0005,여름 클리어런스 쿠폰 안내,image,15868,12960,7117,556,18,4,125269,291553
2026-07-18,naver_blog,C0008,신규 입고 기획전 소개,blog_post,3792,3056,1672,194,9,2,0,185168
2026-07-18,kakao,C0010,베스트셀러 룩북 소개,image,6978,4475,3221,408,10,4,54965,220233
2026-07-18,google_ads,C0011,신규 입고 코디 가이드,image,12285,10757,4741,262,8,2,94392,106804
2026-07-18,youtube,C0015,베스트셀러 패키지 가이드,video,17506,14667,7382,368,5,1,81199,71949
2026-07-18,google_ads,C0017,한정 수량 기획전 추천,video,15796,13814,8651,677,26,11,132079,663988
2026-07-18,naver_blog,C0020,브랜드 협업 체험단 소개,blog_post,5064,4401,1759,433,21,5,0,348025
2026-07-18,google_ads,C0023,신규 입고 세트 후기,video,21163,15738,7333,789,23,9,202898,679258
2026-07-18,facebook,C0024,시즌오프 룩북 안내,carousel,5469,4052,2279,67,1,0,26821,0
2026-07-18,youtube,C0027,신규 입고 룩북 가이드,reels,11185,8560,3178,225,4,0,49542,0
2026-07-18,kakao,C0028,직원 추천 쿠폰 소개,carousel,3396,2608,1826,207,10,4,27030,367404
2026-07-18,naver_blog,C0032,베스트셀러 쿠폰 안내,blog_post,5314,4038,2421,351,12,6,0,552268
2026-07-18,youtube,C0033,직원 추천 룩북 모음,reels,14488,10167,3583,202,3,0,53906,0
2026-07-18,facebook,C0036,직원 추천 기획전 총정리,image,9211,7459,4632,176,3,0,41624,0
2026-07-18,instagram,C0037,리뷰 이벤트 세트 후기,reels,8741,6544,2579,204,6,2,64470,122619
2026-07-18,youtube,C0039,여름 클리어런스 세트 총정리,video,30041,19707,9400,616,8,2,140520,134965
2026-07-18,kakao,C0040,한정 수량 단독 특가 모음,image,6512,4421,3159,357,13,6,49189,246732
2026-07-18,google_ads,C0041,시즌오프 단독 특가 후기,image,13008,8264,4033,431,16,5,99674,305807
2026-07-18,facebook,C0042,시즌오프 패키지 추천,video,11911,9129,6097,252,3,0,53869,0
2026-07-18,instagram,C0043,시즌오프 룩북 추천,reels,11321,9586,6591,544,13,5,78142,441909
2026-07-18,naver_blog,C0044,가을 신상 체험단 가이드,blog_post,2009,1673,604,92,3,1,0,91738
2026-07-18,youtube,C0045,시즌오프 코디 안내,reels,17679,12565,5236,425,8,1,76557,94853
2026-07-18,instagram,C0049,직원 추천 세트 추천,reels,8919,6568,2581,232,4,1,53442,84967
2026-07-18,naver_blog,C0050,신규 입고 세트 가이드,blog_post,2857,2037,1403,238,10,5,0,394600
2026-07-18,youtube,C0051,신규 입고 코디 후기,video,15616,12375,5798,383,6,1,63505,70050
2026-07-18,google_ads,C0053,베스트셀러 단독 특가 안내,video,10618,7819,3309,451,11,3,83589,123932
2026-07-18,instagram,C0055,시즌오프 세트 추천,image,16293,12684,5875,949,27,10,112223,690152
2026-07-18,naver_blog,C0056,여름 클리어런스 단독 특가 총정리,blog_post,3771,2639,1497,294,10,4,0,322636
2026-07-18,youtube,C0057,신규 입고 쿠폰 후기,video,19033,12731,8997,260,4,1,85659,68819
2026-07-18,kakao,C0058,리뷰 이벤트 단독 특가 모음,image,5093,4083,2804,198,11,6,40631,264077
2026-07-18,google_ads,C0059,시즌오프 룩북 가이드,image,9192,7229,2571,360,7,2,93258,80521
2026-07-18,facebook,C0060,한정 수량 기획전 가이드,video,6659,5567,3976,141,3,0,36668,0
2026-07-19,instagram,C0001,가을 신상 단독 특가 모음,image,10169,6955,4154,495,11,3,73311,223321
2026-07-19,kakao,C0004,베스트셀러 쿠폰 추천,image,4359,3537,1594,268,10,3,30516,268677
2026-07-19,google_ads,C0005,여름 클리어런스 쿠폰 안내,image,14134,10968,6381,494,16,5,133424,261318
2026-07-19,facebook,C0006,재입고 알림 기획전 소개,video,4720,4033,2140,101,1,0,21876,0
2026-07-19,naver_blog,C0008,신규 입고 기획전 소개,blog_post,4825,3491,1914,236,8,1,0,46567
2026-07-19,google_ads,C0011,신규 입고 코디 가이드,image,9710,6341,4555,230,4,1,96122,50146
2026-07-19,youtube,C0015,베스트셀러 패키지 가이드,video,17645,12048,6959,355,3,0,63905,0
2026-07-19,facebook,C0018,리뷰 이벤트 패키지 총정리,video,8536,5759,2693,199,4,0,48447,0
2026-07-19,kakao,C0022,시즌오프 패키지 모음,image,2885,2271,1123,122,4,0,19586,0
2026-07-19,google_ads,C0023,신규 입고 세트 후기,video,21000,15416,10365,577,12,4,192223,191539
2026-07-19,naver_blog,C0026,여름 클리어런스 세트 추천,blog_post,3954,2872,1572,283,7,3,0,181111
2026-07-19,youtube,C0027,신규 입고 룩북 가이드,reels,8689,6248,3487,210,3,0,33477,0
2026-07-19,kakao,C0028,직원 추천 쿠폰 소개,carousel,2915,1863,1099,190,10,4,20435,295530
2026-07-19,instagram,C0031,여름 클리어런스 세트 모음,image,10954,8736,5037,484,16,4,80160,193690
2026-07-19,naver_blog,C0032,베스트셀러 쿠폰 안내,blog_post,4674,3073,1799,288,13,7,0,619545
2026-07-19,youtube,C0033,직원 추천 룩북 모음,reels,14135,9292,4833,205,3,0,57625,0
2026-07-19,google_ads,C0035,가을 신상 기획전 가이드,image,13069,11303,5717,426,14,4,113684,239983
2026-07-19,facebook,C0036,직원 추천 기획전 총정리,image,7955,6428,2739,150,1,0,44233,0
2026-07-19,instagram,C0037,리뷰 이벤트 세트 후기,reels,7954,6793,3755,245,5,1,47257,47773
2026-07-19,youtube,C0039,여름 클리어런스 세트 총정리,video,27172,18968,12484,738,12,1,104439,70343
2026-07-19,kakao,C0040,한정 수량 단독 특가 모음,image,5957,4494,1872,303,14,5,46915,275162
2026-07-19,google_ads,C0041,시즌오프 단독 특가 후기,image,9982,6593,3287,425,9,2,88991,175483
2026-07-19,facebook,C0042,시즌오프 패키지 추천,video,11114,7804,5425,208,4,1,58507,83282
2026-07-19,instagram,C0043,시즌오프 룩북 추천,reels,8544,7212,2664,451,9,4,50587,193132
2026-07-19,naver_blog,C0044,가을 신상 체험단 가이드,blog_post,2633,1880,1290,154,6,2,0,157396
2026-07-19,youtube,C0045,시즌오프 코디 안내,reels,18783,16044,6517,433,6,1,70801,70377
2026-07-19,kakao,C0046,직원 추천 패키지 안내,image,9174,7333,5018,637,30,8,67667,652496
2026-07-19,google_ads,C0047,한정 수량 세트 후기,image,10222,7345,3033,259,8,3,103891,216507
2026-07-19,facebook,C0048,브랜드 협업 패키지 모음,carousel,12472,10879,7617,193,4,1,69590,43788
2026-07-19,instagram,C0049,직원 추천 세트 추천,reels,7846,5667,2296,239,7,2,58060,115276
2026-07-19,naver_blog,C0050,신규 입고 세트 가이드,blog_post,3391,2175,1246,270,5,2,0,125951
2026-07-19,google_ads,C0053,베스트셀러 단독 특가 안내,video,9586,7240,4987,344,12,2,79513,113729
2026-07-19,instagram,C0055,시즌오프 세트 추천,image,14103,8892,5579,757,17,3,93079,141557
2026-07-19,youtube,C0057,신규 입고 쿠폰 후기,video,21776,13609,6679,421,5,0,96175,0
2026-07-19,kakao,C0058,리뷰 이벤트 단독 특가 모음,image,4612,3822,2544,238,9,3,39186,238654
2026-07-19,google_ads,C0059,시즌오프 룩북 가이드,image,9888,6816,4689,387,7,2,84149,135967
2026-07-19,facebook,C0060,한정 수량 기획전 가이드,video,6139,5093,1984,90,1,0,33470,0
2026-07-20,instagram,C0001,가을 신상 단독 특가 모음,image,21354,13293,4718,1013,31,11,124486,818806
2026-07-20,google_ads,C0005,여름 클리어런스 쿠폰 안내,image,24605,20284,7893,763,24,5,237791,222317
2026-07-20,facebook,C0006,재입고 알림 기획전 소개,video,10447,6487,4170,229,2,0,49420,0
2026-07-20,naver_blog,C0008,신규 입고 기획전 소개,blog_post,5720,3839,2746,319,8,2,0,154377
2026-07-20,youtube,C0009,한정 수량 세트 후기,reels,23796,14792,6139,311,3,0,114116,0
2026-07-20,kakao,C0010,베스트셀러 룩북 소개,image,9996,6394,2680,556,32,8,78012,580615
2026-07-20,google_ads,C0011,신규 입고 코디 가이드,image,14222,9872,5013,386,12,4,133943,372990
2026-07-20,facebook,C0012,한정 수량 세트 후기,video,17170,10934,4080,399,8,1,94032,44397
2026-07-20,youtube,C0015,베스트셀러 패키지 가이드,video,24725,15406,9634,426,6,2,99529,154918
2026-07-20,google_ads,C0017,한정 수량 기획전 추천,video,13940,9593,6338,541,18,6,125448,491926
2026-07-20,facebook,C0018,리뷰 이벤트 패키지 총정리,video,18420,12331,6995,341,5,1,91040,90789
2026-07-20,instagram,C0019,베스트셀러 체험단 가이드,carousel,26384,19538,13337,1260,21,8,167359,330771
2026-07-20,kakao,C0022,시즌오프 패키지 모음,image,4494,3942,2301,212,5,2,35340,99005
2026-07-20,google_ads,C0023,신규 입고 세트 후기,video,23897,15405,7622,683,16,2,208119,113387
2026-07-20,naver_blog,C0026,여름 클리어런스 세트 추천,blog_post,4560,3404,2102,303,14,3,0,279901
2026-07-20,kakao,C0028,직원 추천 쿠폰 소개,carousel,3757,2794,1276,188,10,5,27470,203566
2026-07-20,instagram,C0031,여름 클리어런스 세트 모음,image,11786,9239,5572,540,9,1,71596,79861
2026-07-20,naver_blog,C0032,베스트셀러 쿠폰 안내,blog_post,8663,6203,4398,506,16,5,0,257600
2026-07-20,youtube,C0033,직원 추천 룩북 모음,reels,21207,14871,10243,337,6,1,91132,58208
2026-07-20,google_ads,C0035,가을 신상 기획전 가이드,image,16736,11776,6878,671,14,5,138740,425405
2026-07-20,facebook,C0036,직원 추천 기획전 총정리,image,12034,7521,4054,214,4,0,52612,0
2026-07-20,instagram,C0037,리뷰 이벤트 세트 후기,reels,11511,9803,6906,291,6,2,81359,110383
2026-07-20,youtube,C0039,여름 클리어런스 세트 총정리,video,43226,27463,12117,1115,14,4,180598,192146
2026-07-20,kakao,C0040,한정 수량 단독 특가 모음,image,8391,7351,4217,443,23,11,71574,801540
2026-07-20,google_ads,C0041,시즌오프 단독 특가 후기,image,15757,12782,5395,675,15,6,138536,510133
2026-07-20,facebook,C0042,시즌오프 패키지 추천,video,11740,7718,2773,223,4,0,58082,0
2026-07-20,youtube,C0045,시즌오프 코디 안내,reels,28242,21587,12298,743,7,1,110643,78846
2026-07-20,kakao,C0046,직원 추천 패키지 안내,image,8959,5853,4119,444,24,10,64548,573397
2026-07-20,google_ads,C0047,한정 수량 세트 후기,image,16249,12731,7500,488,11,5,125819,277799
2026-07-20,facebook,C0048,브랜드 협업 패키지 모음,carousel,15716,13353,4949,257,3,0,68393,0
2026-07-20,instagram,C0049,직원 추천 세트 추천,reels,12858,11114,4856,361,11,2,81386,162593
2026-07-20,naver_blog,C0050,신규 입고 세트 가이드,blog_post,4130,3124,1835,282,7,3,0,254370
2026-07-20,youtube,C0051,신규 입고 코디 후기,video,25097,17261,7569,644,10,1,116250,52403
2026-07-20,google_ads,C0053,베스트셀러 단독 특가 안내,video,13498,9185,3733,559,15,4,130810,307457
2026-07-20,instagram,C0055,시즌오프 세트 추천,image,24106,18030,10777,1266,31,5,160904,257430
2026-07-20,naver_blog,C0056,여름 클리어런스 단독 특가 총정리,blog_post,3127,2509,1418,199,9,2,0,103405
2026-07-20,kakao,C0058,리뷰 이벤트 단독 특가 모음,image,6528,4991,2690,261,8,3,46528,173964
2026-07-20,google_ads,C0059,시즌오프 룩북 가이드,image,11739,8149,2939,410,12,4,102661,200663
2026-07-20,facebook,C0060,한정 수량 기획전 가이드,video,8929,7260,4889,140,2,0,49104,0
2026-07-21,instagram,C0001,가을 신상 단독 특가 모음,image,22177,18465,8928,770,20,6,160773,323269
2026-07-21,kakao,C0004,베스트셀러 쿠폰 추천,image,4975,3364,1402,266,11,5,39774,325918
2026-07-21,google_ads,C0005,여름 클리어런스 쿠폰 안내,image,24033,20654,10898,912,31,12,244707,531264
2026-07-21,facebook,C0006,재입고 알림 기획전 소개,video,6576,4130,1521,130,1,0,32338,0
2026-07-21,naver_blog,C0008,신규 입고 기획전 소개,blog_post,7329,4729,2299,415,19,8,0,484041
2026-07-21,youtube,C0009,한정 수량 세트 후기,reels,26111,16426,6478,333,4,1,125566,90301
2026-07-21,kakao,C0010,베스트셀러 룩북 소개,image,9973,8652,5566,688,38,10,66104,798644
2026-07-21,google_ads,C0011,신규 입고 코디 가이드,image,17397,13929,6282,338,9,1,165582,51851
2026-07-21,facebook,C0012,한정 수량 세트 후기,video,14708,9261,4723,360,4,0,82307,0
2026-07-21,youtube,C0015,베스트셀러 패키지 가이드,video,28224,23929,14660,633,7,1,124630,92975
2026-07-21,google_ads,C0017,한정 수량 기획전 추천,video,20050,16655,11965,649,19,9,183640,707958
2026-07-21,facebook,C0018,리뷰 이벤트 패키지 총정리,video,16797,13656,6227,318,4,1,85108,60529
2026-07-21,kakao,C0022,시즌오프 패키지 모음,image,5193,3652,2142,246,10,3,44596,246606
2026-07-21,google_ads,C0023,신규 입고 세트 후기,video,31714,26996,16197,1015,38,7,264293,332991
2026-07-21,naver_blog,C0026,여름 클리어런스 세트 추천,blog_post,5295,4025,2421,418,12,6,0,564295
2026-07-21,youtube,C0027,신규 입고 룩북 가이드,reels,16034,13046,8674,354,7,2,73902,123598
2026-07-21,instagram,C0031,여름 클리어런스 세트 모음,image,17401,15269,8417,827,21,5,114818,459129
2026-07-21,naver_blog,C0032,베스트셀러 쿠폰 안내,blog_post,8232,6789,3604,542,24,7,0,640717
2026-07-21,youtube,C0033,직원 추천 룩북 모음,reels,15809,11244,5632,233,2,0,65474,0
2026-07-21,google_ads,C0035,가을 신상 기획전 가이드,image,25340,16951,5936,956,26,5,203727,219856
2026-07-21,instagram,C0037,리뷰 이벤트 세트 후기,reels,10733,8957,4931,251,7,1,59950,46659
2026-07-21,youtube,C0039,여름 클리어런스 세트 총정리,video,43103,27523,12213,1246,17,3,175764,235140
2026-07-21,kakao,C0040,한정 수량 단독 특가 모음,image,8952,6035,3069,483,19,8,57912,536186
2026-07-21,google_ads,C0041,시즌오프 단독 특가 후기,image,13204,8293,5052,578,14,5,104504,389362
2026-07-21,facebook,C0042,시즌오프 패키지 추천,video,12693,11075,5885,184,1,0,71192,0
2026-07-21,naver_blog,C0044,가을 신상 체험단 가이드,blog_post,3448,2212,1366,212,9,3,0,243593
2026-07-21,kakao,C0046,직원 추천 패키지 안내,image,10029,8244,5492,518,20,4,66831,349797
2026-07-21,google_ads,C0047,한정 수량 세트 후기,image,19855,14604,7824,613,19,5,201477,379768
2026-07-21,facebook,C0048,브랜드 협업 패키지 모음,carousel,16299,13064,6946,285,4,0,76367,0
2026-07-21,instagram,C0049,직원 추천 세트 추천,reels,10524,6948,4584,236,5,0,74064,0
2026-07-21,naver_blog,C0050,신규 입고 세트 가이드,blog_post,4997,4101,1501,311,9,4,0,346018
2026-07-21,youtube,C0051,신규 입고 코디 후기,video,23559,20190,7825,489,8,2,100811,128190
2026-07-21,google_ads,C0053,베스트셀러 단독 특가 안내,video,17760,11106,6045,691,21,4,158576,221358
2026-07-21,instagram,C0055,시즌오프 세트 추천,image,21038,13400,5992,1208,25,7,153947,629047
2026-07-21,youtube,C0057,신규 입고 쿠폰 후기,video,24293,18664,11122,396,8,1,94776,43675
2026-07-21,kakao,C0058,리뷰 이벤트 단독 특가 모음,image,6353,4621,2574,263,7,1,50527,40615
2026-07-21,google_ads,C0059,시즌오프 룩북 가이드,image,17063,11079,6607,591,10,4,136846,362560
2026-07-22,instagram,C0001,가을 신상 단독 특가 모음,image,15401,11449,6035,546,11,3,101349,252638
2026-07-22,kakao,C0004,베스트셀러 쿠폰 추천,image,4389,3303,2208,207,8,4,33570,214354
2026-07-22,google_ads,C0005,여름 클리어런스 쿠폰 안내,image,24487,17484,7577,809,14,4,244889,331739
2026-07-22,facebook,C0006,재입고 알림 기획전 소개,video,9343,8053,3982,239,5,1,41492,73819
2026-07-22,naver_blog,C0008,신규 입고 기획전 소개,blog_post,6981,5500,3462,322,12,3,0,247561
2026-07-22,youtube,C0009,한정 수량 세트 후기,reels,22332,14338,9748,285,4,0,90791,0
2026-07-22,kakao,C0010,베스트셀러 룩북 소개,image,10567,9071,4193,642,23,7,89915,476904
2026-07-22,google_ads,C0011,신규 입고 코디 가이드,image,16966,13555,8231,476,14,5,156083,329065
2026-07-22,facebook,C0012,한정 수량 세트 후기,video,15299,10847,5871,399,5,0,71245,0
2026-07-22,naver_blog,C0014,한정 수량 세트 모음,blog_post,2953,2071,1418,138,5,1,0,56849
2026-07-22,youtube,C0015,베스트셀러 패키지 가이드,video,21530,14825,7513,472,8,2,80640,164689
2026-07-22,google_ads,C0017,한정 수량 기획전 추천,video,19655,14033,7729,723,25,9,159563,718673
2026-07-22,instagram,C0019,베스트셀러 체험단 가이드,carousel,18377,15168,9969,781,20,6,110335,399833
2026-07-22,kakao,C0022,시즌오프 패키지 모음,image,5165,3923,1585,265,8,4,42376,376450
2026-07-22,google_ads,C0023,신규 입고 세트 후기,video,24197,20878,14474,789,30,11,203209,783309
2026-07-22,facebook,C0024,시즌오프 룩북 안내,carousel,4638,3391,2418,72,1,0,20542,0
2026-07-22,naver_blog,C0026,여름 클리어런스 세트 추천,blog_post,4959,4107,1520,386,11,4,0,219051
2026-07-22,instagram,C0031,여름 클리어런스 세트 모음,image,12231,10417,5829,463,9,3,74186,190917
2026-07-22,naver_blog,C0032,베스트셀러 쿠폰 안내,blog_post,7836,6020,2701,567,25,6,0,422724
2026-07-22,youtube,C0033,직원 추천 룩북 모음,reels,20812,17368,7384,291,5,0,93715,0
2026-07-22,facebook,C0036,직원 추천 기획전 총정리,image,12250,7899,5235,231,3,0,55251,0
2026-07-22,instagram,C0037,리뷰 이벤트 세트 후기,reels,8883,6058,2811,256,6,1,52774,45520
2026-07-22,youtube,C0039,여름 클리어런스 세트 총정리,video,41122,30227,18846,960,15,3,174850,164834
2026-07-22,google_ads,C0041,시즌오프 단독 특가 후기,image,16307,12331,5785,623,19,8,151454,484102
2026-07-22,facebook,C0042,시즌오프 패키지 추천,video,14140,11336,5551,282,3,0,68687,0
2026-07-22,naver_blog,C0044,가을 신상 체험단 가이드,blog_post,2965,2016,1153,166,3,1,0,53424
2026-07-22,youtube,C0045,시즌오프 코디 안내,reels,30848,22244,10626,701,10,2,145466,89840
2026-07-22,kakao,C0046,직원 추천 패키지 안내,image,9402,6725,4834,544,16,9,73582,656557
2026-07-22,google_ads,C0047,한정 수량 세트 후기,image,18770,16415,7959,650,12,5,148272,391211
2026-07-22,facebook,C0048,브랜드 협업 패키지 모음,carousel,12113,10445,5406,167,3,0,68122,0
2026-07-22,instagram,C0049,직원 추천 세트 추천,reels,11625,8780,3826,248,3,1,82006,92461
2026-07-22,youtube,C0051,신규 입고 코디 후기,video,21517,18610,12675,467,8,1,96133,43706
2026-07-22,google_ads,C0053,베스트셀러 단독 특가 안내,video,18370,12243,4847,653,22,9,148105,821414
2026-07-22,instagram,C0055,시즌오프 세트 추천,image,16207,13652,8649,793,11,3,91340,142266
2026-07-22,naver_blog,C0056,여름 클리어런스 단독 특가 총정리,blog_post,3468,2269,1517,264,9,2,0,107036
2026-07-22,youtube,C0057,신규 입고 쿠폰 후기,video,25080,19723,12409,345,4,0,104096,0
2026-07-22,kakao,C0058,리뷰 이벤트 단독 특가 모음,image,8055,5821,3203,359,15,9,68446,535198
2026-07-22,google_ads,C0059,시즌오프 룩북 가이드,image,16237,13230,8309,549,14,4,146121,337064
2026-07-22,facebook,C0060,한정 수량 기획전 가이드,video,8213,5876,2705,152,2,0,39508,0
2026-07-23,instagram,C0001,가을 신상 단독 특가 모음,image,14907,9304,4755,665,11,4,105340,324829
2026-07-23,kakao,C0004,베스트셀러 쿠폰 추천,image,4678,3197,1138,238,9,3,34730,196758
2026-07-23,facebook,C0006,재입고 알림 기획전 소개,video,7931,5023,3519,226,5,0,34338,0
2026-07-23,naver_blog,C0008,신규 입고 기획전 소개,blog_post,5305,4190,2138,295,9,3,0,198722
2026-07-23,kakao,C0010,베스트셀러 룩북 소개,image,8166,5473,3782,424,24,6,65123,328970
2026-07-23,google_ads,C0011,신규 입고 코디 가이드,image,11833,8939,3208,273,9,3,110387,167012
2026-07-23,facebook,C0012,한정 수량 세트 후기,video,14923,9730,4983,368,7,0,80867,0
2026-07-23,naver_blog,C0014,한정 수량 세트 모음,blog_post,2916,1858,1315,138,4,1,0,64192
2026-07-23,youtube,C0015,베스트셀러 패키지 가이드,video,17799,15269,5870,350,4,0,70335,0
2026-07-23,facebook,C0018,리뷰 이벤트 패키지 총정리,video,14816,10794,7076,289,5,0,83326,0
2026-07-23,instagram,C0019,베스트셀러 체험단 가이드,carousel,16237,13692,6137,785,12,3,120776,272595
2026-07-23,kakao,C0022,시즌오프 패키지 모음,image,3797,2807,1916,196,11,6,32370,325167
2026-07-23,google_ads,C0023,신규 입고 세트 후기,video,32937,27394,12938,1166,33,13,326256,941692
2026-07-23,facebook,C0024,시즌오프 룩북 안내,carousel,6637,5457,2405,112,1,0,37564,0
2026-07-23,naver_blog,C0026,여름 클리어런스 세트 추천,blog_post,6340,5564,2052,449,19,5,0,426618
2026-07-23,youtube,C0027,신규 입고 룩북 가이드,reels,12205,10601,5531,225,2,0,49154,0
2026-07-23,instagram,C0031,여름 클리어런스 세트 모음,image,13249,9355,3555,540,12,5,74914,286338
2026-07-23,youtube,C0033,직원 추천 룩북 모음,reels,20108,13272,6968,218,4,0,77756,0
2026-07-23,facebook,C0036,직원 추천 기획전 총정리,image,14589,11277,5638,354,4,0,65611,0
2026-07-23,instagram,C0037,리뷰 이벤트 세트 후기,reels,9717,6976,2655,226,6,0,63925,0
2026-07-23,youtube,C0039,여름 클리어런스 세트 총정리,video,28479,24839,16120,738,15,1,108041,47341
2026-07-23,google_ads,C0041,시즌오프 단독 특가 후기,image,14979,12506,6030,589,10,4,127941,168567
2026-07-23,facebook,C0042,시즌오프 패키지 추천,video,16114,12564,8215,253,3,0,92497,0
2026-07-23,naver_blog,C0044,가을 신상 체험단 가이드,blog_post,3336,2602,1417,214,6,1,0,73339
2026-07-23,youtube,C0045,시즌오프 코디 안내,reels,28391,18311,10517,728,6,1,125144,78219
2026-07-23,kakao,C0046,직원 추천 패키지 안내,image,9728,7318,3356,614,23,12,67162,1129835
2026-07-23,google_ads,C0047,한정 수량 세트 후기,image,14063,9599,3887,380,7,2,112051,91844
2026-07-23,facebook,C0048,브랜드 협업 패키지 모음,carousel,12173,7779,4939,197,3,0,59684,0
2026-07-23,instagram,C0049,직원 추천 세트 추천,reels,13241,11454,6348,349,11,2,85375,83721
2026-07-23,naver_blog,C0050,신규 입고 세트 가이드,blog_post,3318,2114,764,270,7,1,0,67368
2026-07-23,youtube,C0051,신규 입고 코디 후기,video,22334,15726,6277,504,10,2,88590,180704
2026-07-23,google_ads,C0053,베스트셀러 단독 특가 안내,video,16781,10436,6676,716,18,6,173156,288895
2026-07-23,naver_blog,C0056,여름 클리어런스 단독 특가 총정리,blog_post,4240,3683,2525,310,10,4,0,298938
2026-07-23,youtube,C0057,신규 입고 쿠폰 후기,video,25857,16049,8484,486,7,1,103142,76226
2026-07-23,kakao,C0058,리뷰 이벤트 단독 특가 모음,image,7137,5410,3674,396,18,8,52482,737919
2026-07-23,google_ads,C0059,시즌오프 룩북 가이드,image,13769,11111,6138,469,15,2,117697,124806
2026-07-23,facebook,C0060,한정 수량 기획전 가이드,video,8626,6412,4327,180,4,0,39648,0
2026-07-24,instagram,C0001,가을 신상 단독 특가 모음,image,17090,12592,5806,766,11,2,124561,107955
2026-07-24,kakao,C0004,베스트셀러 쿠폰 추천,image,4910,3095,2173,275,10,3,41891,252394
2026-07-24,google_ads,C0005,여름 클리어런스 쿠폰 안내,image,21708,16543,8340,793,30,13,203578,738935
2026-07-24,facebook,C0006,재입고 알림 기획전 소개,video,5981,5245,2249,156,2,0,27526,0
2026-07-24,youtube,C0009,한정 수량 세트 후기,reels,23365,17797,7547,374,3,0,111280,0
2026-07-24,kakao,C0010,베스트셀러 룩북 소개,image,6691,5452,2429,426,20,7,56294,358575
2026-07-24,google_ads,C0011,신규 입고 코디 가이드,image,10245,8833,4103,250,7,1,105560,88027
2026-07-24,naver_blog,C0014,한정 수량 세트 모음,blog_post,2286,1880,1210,108,5,1,0,64821
2026-07-24,youtube,C0015,베스트셀러 패키지 가이드,video,23011,17050,6737,507,6,0,105025,0
2026-07-24,google_ads,C0017,한정 수량 기획전 추천,video,15206,10176,7119,656,24,9,156126,739409
2026-07-24,instagram,C0019,베스트셀러 체험단 가이드,carousel,17786,13441,8133,760,25,10,110454,587099
2026-07-24,kakao,C0022,시즌오프 패키지 모음,image,5051,3267,1762,280,9,2,39445,165080
2026-07-24,google_ads,C0023,신규 입고 세트 후기,video,20119,17668,7666,710,26,9,195783,551701
2026-07-24,facebook,C0024,시즌오프 룩북 안내,carousel,4554,2873,1486,54,0,0,25734,0
2026-07-24,naver_blog,C0026,여름 클리어런스 세트 추천,blog_post,4574,3831,2715,357,8,4,0,290822
2026-07-24,youtube,C0027,신규 입고 룩북 가이드,reels,10818,8097,5818,253,3,0,39062,0
2026-07-24,instagram,C0031,여름 클리어런스 세트 모음,image,11683,8191,5358,505,15,2,71387,186048
2026-07-24,naver_blog,C0032,베스트셀러 쿠폰 안내,blog_post,5829,4189,1703,386,12,2,0,138405
2026-07-24,youtube,C0033,직원 추천 룩북 모음,reels,14560,9113,6498,181,3,0,69066,0
2026-07-24,google_ads,C0035,가을 신상 기획전 가이드,image,21884,15630,6020,669,16,7,178202,361739
2026-07-24,facebook,C0036,직원 추천 기획전 총정리,image,9571,6622,4379,207,3,0,52328,0
2026-07-24,instagram,C0037,리뷰 이벤트 세트 후기,reels,10289,8226,3783,293,5,2,71940,84481
2026-07-24,kakao,C0040,한정 수량 단독 특가 모음,image,9001,6210,2293,388,22,10,59544,662337
2026-07-24,google_ads,C0041,시즌오프 단독 특가 후기,image,11880,9039,4047,471,13,5,93512,246304
2026-07-24,facebook,C0042,시즌오프 패키지 추천,video,12480,10549,6154,180,2,0,56210,0
2026-07-24,kakao,C0046,직원 추천 패키지 안내,image,12136,7541,4098,644,33,17,82488,1191972
2026-07-24,google_ads,C0047,한정 수량 세트 후기,image,12269,9734,4100,389,9,2,113427,180182
2026-07-24,facebook,C0048,브랜드 협업 패키지 모음,carousel,12023,10130,4012,175,3,0,68732,0
2026-07-24,instagram,C0049,직원 추천 세트 추천,reels,9726,6669,2650,216,5,0,66462,0
2026-07-24,naver_blog,C0050,신규 입고 세트 가이드,blog_post,2814,2474,1547,219,8,1,0,51997
2026-07-24,youtube,C0051,신규 입고 코디 후기,video,20262,16340,10736,396,4,0,76021,0
2026-07-24,google_ads,C0053,베스트셀러 단독 특가 안내,video,16238,13735,6459,565,17,7,143661,357596
2026-07-24,instagram,C0055,시즌오프 세트 추천,image,16431,11696,7858,914,24,7,121192,448418
2026-07-24,naver_blog,C0056,여름 클리어런스 단독 특가 총정리,blog_post,3629,2399,1533,276,11,4,0,204844
2026-07-24,youtube,C0057,신규 입고 쿠폰 후기,video,22931,15272,9690,378,6,0,94993,0
2026-07-24,kakao,C0058,리뷰 이벤트 단독 특가 모음,image,5717,3843,2573,301,17,5,42624,320485
2026-07-24,google_ads,C0059,시즌오프 룩북 가이드,image,14963,11787,5802,599,17,6,120312,328333
2026-07-24,facebook,C0060,한정 수량 기획전 가이드,video,6151,3971,2656,110,1,0,26722,0
2026-07-25,kakao,C0004,베스트셀러 쿠폰 추천,image,4762,3264,1437,322,18,10,36512,908436
2026-07-25,facebook,C0006,재입고 알림 기획전 소개,video,7843,4869,3431,179,3,0,40014,0
2026-07-25,naver_blog,C0008,신규 입고 기획전 소개,blog_post,3642,2360,1093,215,6,2,0,144481
2026-07-25,youtube,C0009,한정 수량 세트 후기,reels,25815,19798,9543,366,6,2,102721,174357
2026-07-25,kakao,C0010,베스트셀러 룩북 소개,image,7614,5774,3074,443,19,9,50307,803483
2026-07-25,google_ads,C0011,신규 입고 코디 가이드,image,12460,8389,4216,358,6,2,128151,128540
2026-07-25,facebook,C0012,한정 수량 세트 후기,video,12663,8570,3306,283,6,1,72647,75366
2026-07-25,google_ads,C0017,한정 수량 기획전 추천,video,16027,12486,4802,571,17,7,163208,372865
2026-07-25,facebook,C0018,리뷰 이벤트 패키지 총정리,video,9730,6455,4068,241,5,1,55834,83764
2026-07-25,kakao,C0022,시즌오프 패키지 모음,image,3682,2502,1408,145,7,4,29713,282383
2026-07-25,google_ads,C0023,신규 입고 세트 후기,video,23603,20652,11596,836,17,7,195489,297403
2026-07-25,facebook,C0024,시즌오프 룩북 안내,carousel,5121,3438,1578,63,1,0,22006,0
2026-07-25,naver_blog,C0026,여름 클리어런스 세트 추천,blog_post,4360,3118,1964,329,14,4,0,311341
2026-07-25,youtube,C0027,신규 입고 룩북 가이드,reels,10197,6776,2459,190,3,0,37493,0
2026-07-25,google_ads,C0029,신규 입고 세트 모음,image,6828,4970,2538,173,3,1,65392,88610
2026-07-25,instagram,C0031,여름 클리어런스 세트 모음,image,12674,9807,6922,618,12,3,90506,218054
2026-07-25,naver_blog,C0032,베스트셀러 쿠폰 안내,blog_post,4670,3440,1423,375,12,3,0,220036
2026-07-25,youtube,C0033,직원 추천 룩북 모음,reels,15513,10409,4781,230,3,0,66745,0
2026-07-25,google_ads,C0035,가을 신상 기획전 가이드,image,12430,7880,4906,425,15,5,108332,378655
2026-07-25,facebook,C0036,직원 추천 기획전 총정리,image,10514,6663,2775,257,5,0,45485,0
2026-07-25,youtube,C0039,여름 클리어런스 세트 총정리,video,21530,16365,6233,532,5,0,91752,0
2026-07-25,kakao,C0040,한정 수량 단독 특가 모음,image,5288,3952,2608,236,12,6,34774,288781
2026-07-25,google_ads,C0041,시즌오프 단독 특가 후기,image,10073,7905,3001,425,11,4,104058,234289
2026-07-25,facebook,C0042,시즌오프 패키지 추천,video,7486,4694,2797,108,2,0,35436,0
2026-07-25,naver_blog,C0044,가을 신상 체험단 가이드,blog_post,2812,2171,826,139,6,1,0,83100
2026-07-25,youtube,C0045,시즌오프 코디 안내,reels,22574,18388,10551,586,12,2,99708,167415
2026-07-25,kakao,C0046,직원 추천 패키지 안내,image,7163,4985,2038,425,12,5,54367,278975
2026-07-25,google_ads,C0047,한정 수량 세트 후기,image,13353,8801,5764,383,11,2,115830,84442
2026-07-25,facebook,C0048,브랜드 협업 패키지 모음,carousel,8614,6682,2345,117,1,0,41021,0
2026-07-25,instagram,C0049,직원 추천 세트 추천,reels,9519,7213,3605,248,4,0,57593,0
2026-07-25,naver_blog,C0050,신규 입고 세트 가이드,blog_post,2733,2164,1050,220,9,2,0,84606
2026-07-25,youtube,C0051,신규 입고 코디 후기,video,12007,8093,4060,332,5,1,54764,40934
2026-07-25,kakao,C0052,한정 수량 쿠폰 후기,carousel,8802,7605,5263,272,7,2,57043,93465
2026-07-25,google_ads,C0053,베스트셀러 단독 특가 안내,video,13620,8884,4936,497,8,3,113705,261396
2026-07-25,instagram,C0055,시즌오프 세트 추천,image,19353,14506,10073,948,20,8,126863,348233
2026-07-25,naver_blog,C0056,여름 클리어런스 단독 특가 총정리,blog_post,2550,1624,986,179,5,1,0,71428
2026-07-25,youtube,C0057,신규 입고 쿠폰 후기,video,20138,13315,5856,324,5,1,90294,69057
2026-07-25,kakao,C0058,리뷰 이벤트 단독 특가 모음,image,4926,4050,1540,262,13,4,42289,245773
2026-07-25,google_ads,C0059,시즌오프 룩북 가이드,image,12120,9901,6638,332,8,2,114831,117392
2026-07-25,facebook,C0060,한정 수량 기획전 가이드,video,5163,4488,3084,74,0,0,25127,0
2026-07-26,instagram,C0001,가을 신상 단독 특가 모음,image,11092,8537,5561,469,15,6,77089,361562
2026-07-26,youtube,C0003,시즌오프 세트 후기,video,12328,8215,5860,236,4,0,56930,0
2026-07-26,kakao,C0004,베스트셀러 쿠폰 추천,image,4010,2525,1525,189,10,3,33832,154474
2026-07-26,google_ads,C0005,여름 클리어런스 쿠폰 안내,image,13187,11016,4906,446,14,4,108780,191111
2026-07-26,facebook,C0006,재입고 알림 기획전 소개,video,4660,3615,1969,124,2,0,24044,0
2026-07-26,naver_blog,C0008,신규 입고 기획전 소개,blog_post,4155,3257,1378,197,6,1,0,52414
2026-07-26,kakao,C0010,베스트셀러 룩북 소개,image,7642,6562,3782,458,23,7,55412,457759
2026-07-26,google_ads,C0011,신규 입고 코디 가이드,image,9269,7078,4740,257,4,0,91438,0
2026-07-26,naver_blog,C0014,한정 수량 세트 모음,blog_post,1600,1315,514,55,2,1,0,53441
2026-07-26,youtube,C0015,베스트셀러 패키지 가이드,video,16853,11605,5279,414,4,1,68988,40169
2026-07-26,google_ads,C0017,한정 수량 기획전 추천,video,10461,7486,4814,353,6,1,82029,46774
2026-07-26,facebook,C0018,리뷰 이벤트 패키지 총정리,video,11482,7975,4382,232,3,0,63232,0
2026-07-26,instagram,C0019,베스트셀러 체험단 가이드,carousel,16513,11986,4951,876,28,9,107522,396383
2026-07-26,kakao,C0022,시즌오프 패키지 모음,image,3113,2268,871,180,8,4,21904,274329
2026-07-26,google_ads,C0023,신규 입고 세트 후기,video,21868,18274,10658,807,19,6,190641,383672
2026-07-26,facebook,C0024,시즌오프 룩북 안내,carousel,3141,2513,987,40,0,0,13547,0
2026-07-26,naver_blog,C0026,여름 클리어런스 세트 추천,blog_post,4507,3403,1446,294,13,2,0,175835
2026-07-26,youtube,C0027,신규 입고 룩북 가이드,reels,9802,6893,4313,176,1,0,46077,0
2026-07-26,google_ads,C0029,신규 입고 세트 모음,image,9284,6984,2918,224,6,2,81662,141750
2026-07-26,naver_blog,C0032,베스트셀러 쿠폰 안내,blog_post,6241,5218,2386,524,12,3,0,211497
2026-07-26,google_ads,C0035,가을 신상 기획전 가이드,image,12996,8859,5928,511,17,6,113716,309947
2026-07-26,facebook,C0036,직원 추천 기획전 총정리,image,8858,5777,2240,178,3,0,48571,0
2026-07-26,instagram,C0037,리뷰 이벤트 세트 후기,reels,9359,7215,2698,239,6,2,64750,129841
2026-07-26,youtube,C0039,여름 클리어런스 세트 총정리,video,29130,21111,12058,734,14,3,126915,253331
2026-07-26,google_ads,C0041,시즌오프 단독 특가 후기,image,11273,8870,5597,473,15,6,112237,269586
2026-07-26,facebook,C0042,시즌오프 패키지 추천,video,7521,6195,3496,142,2,0,38342,0
2026-07-26,naver_blog,C0044,가을 신상 체험단 가이드,blog_post,2556,2174,1218,161,7,3,0,266939
2026-07-26,youtube,C0045,시즌오프 코디 안내,reels,21017,14249,9102,557,7,1,100469,43012
2026-07-26,kakao,C0046,직원 추천 패키지 안내,image,5626,4304,1753,346,14,5,47152,376532
2026-07-26,google_ads,C0047,한정 수량 세트 후기,image,9325,7143,5128,260,7,2,88017,179864
2026-07-26,facebook,C0048,브랜드 협업 패키지 모음,carousel,12496,9437,5597,193,2,0,58444,0
2026-07-26,instagram,C0049,직원 추천 세트 추천,reels,8040,5836,3475,244,7,2,51227,83293
2026-07-26,naver_blog,C0050,신규 입고 세트 가이드,blog_post,3163,2295,1451,229,5,2,0,90284
2026-07-26,youtube,C0051,신규 입고 코디 후기,video,13165,10319,7137,283,4,1,48628,85683
2026-07-26,google_ads,C0053,베스트셀러 단독 특가 안내,video,12423,8715,4136,524,10,4,121105,247707
2026-07-26,instagram,C0055,시즌오프 세트 추천,image,15232,12505,8308,673,21,9,108884,441301
2026-07-26,naver_blog,C0056,여름 클리어런스 단독 특가 총정리,blog_post,2135,1694,915,149,6,2,0,189828
2026-07-26,kakao,C0058,리뷰 이벤트 단독 특가 모음,image,4277,2742,1155,207,10,5,27511,459969
2026-07-26,google_ads,C0059,시즌오프 룩북 가이드,image,7736,6100,2315,272,5,2,60315,124857
2026-07-26,facebook,C0060,한정 수량 기획전 가이드,video,5657,3795,2146,98,1,0,30236,0
2026-07-27,instagram,C0001,가을 신상 단독 특가 모음,image,16079,10039,5353,664,13,2,111233,129392
2026-07-27,youtube,C0003,시즌오프 세트 후기,video,17101,14439,8640,365,4,1,63034,87984
2026-07-27,kakao,C0004,베스트셀러 쿠폰 추천,image,6216,5345,3696,424,18,10,40561,827756
2026-07-27,google_ads,C0005,여름 클리어런스 쿠폰 안내,image,25260,20091,8985,1096,23,7,199321,331076
2026-07-27,naver_blog,C0008,신규 입고 기획전 소개,blog_post,7037,4733,3260,362,12,6,0,393204
2026-07-27,google_ads,C0011,신규 입고 코디 가이드,image,11188,7411,3635,238,6,2,115177,114953
2026-07-27,facebook,C0012,한정 수량 세트 후기,video,15584,13618,6660,338,5,1,78976,56890
2026-07-27,naver_blog,C0014,한정 수량 세트 모음,blog_post,3234,2146,1210,107,4,1,0,42365
2026-07-27,youtube,C0015,베스트셀러 패키지 가이드,video,19913,12619,6525,441,8,1,84492,91022
2026-07-27,facebook,C0018,리뷰 이벤트 패키지 총정리,video,14739,11105,7647,277,5,1,82056,89184
2026-07-27,instagram,C0019,베스트셀러 체험단 가이드,carousel,24837,16059,6769,1219,40,8,163674,643201
2026-07-27,kakao,C0022,시즌오프 패키지 모음,image,5520,4292,1873,264,13,7,41888,617507
2026-07-27,google_ads,C0023,신규 입고 세트 후기,video,23802,18974,8876,642,14,6,243765,247563
2026-07-27,facebook,C0024,시즌오프 룩북 안내,carousel,6187,4992,2539,99,2,0,32792,0
2026-07-27,naver_blog,C0026,여름 클리어런스 세트 추천,blog_post,6435,4384,2191,489,12,5,,300398
2026-07-27,youtube,C0027,신규 입고 룩북 가이드,reels,11580,9710,4046,261,3,0,55816,0
2026-07-27,google_ads,C0029,신규 입고 세트 모음,image,12617,7871,3730,353,13,5,110314,241343
2026-07-27,facebook,C0030,신규 입고 기획전 소개,carousel,6210,5363,2021,194,2,0,30646,0
2026-07-27,instagram,C0031,여름 클리어런스 세트 모음,image,10939,8462,5380,468,10,3,66598,210209
2026-07-27,naver_blog,C0032,베스트셀러 쿠폰 안내,blog_post,6077,5177,1884,401,8,3,0,240390
2026-07-27,youtube,C0033,직원 추천 룩북 모음,reels,22129,17161,10396,297,3,0,103606,0
2026-07-27,google_ads,C0035,가을 신상 기획전 가이드,image,22993,17317,10094,822,19,6,209773,391102
2026-07-27,facebook,C0036,직원 추천 기획전 총정리,image,14741,11804,6059,295,3,0,71530,0
2026-07-27,instagram,C0037,리뷰 이벤트 세트 후기,reels,9285,7613,4514,210,5,1,65426,92993
2026-07-27,youtube,C0039,여름 클리어런스 세트 총정리,video,39176,34203,18234,972,13,2,170642,180685
2026-07-27,kakao,C0040,한정 수량 단독 특가 모음,image,10228,6750,4445,495,22,9,82457,751311
2026-07-27,google_ads,C0041,시즌오프 단독 특가 후기,image,15391,9545,5613,632,21,6,146643,531396
2026-07-27,facebook,C0042,시즌오프 패키지 추천,video,15785,12887,6370,308,4,0,67993,0
2026-07-27,naver_blog,C0044,가을 신상 체험단 가이드,blog_post,2736,2336,969,170,7,2,0,100081
2026-07-27,youtube,C0045,시즌오프 코디 안내,reels,25162,16518,10832,627,7,1,119999,77593
2026-07-27,kakao,C0046,직원 추천 패키지 안내,image,12644,10434,6857,655,37,16,106252,1143883
2026-07-27,google_ads,C0047,한정 수량 세트 후기,image,15098,10384,6264,552,11,4,144948,365075
2026-07-27,facebook,C0048,브랜드 협업 패키지 모음,carousel,18576,13396,9489,243,5,0,98302,0
2026-07-27,instagram,C0049,직원 추천 세트 추천,reels,13399,10698,4148,391,12,2,92596,120615
2026-07-27,naver_blog,C0050,신규 입고 세트 가이드,blog_post,4334,3271,2302,364,13,2,0,115248
2026-07-27,youtube,C0051,신규 입고 코디 후기,video,24196,16411,6922,617,6,1,101998,71733
2026-07-27,google_ads,C0053,베스트셀러 단독 특가 안내,video,15557,11604,4262,566,18,6,130315,252437
2026-07-27,instagram,C0055,시즌오프 세트 추천,image,18197,12737,5990,869,17,4,104343,320365
2026-07-27,naver_blog,C0056,여름 클리어런스 단독 특가 총정리,blog_post,4950,4121,2167,379,13,3,0,190331
2026-07-27,youtube,C0057,신규 입고 쿠폰 후기,video,34956,24088,15976,628,10,1,166652,83584
2026-07-27,kakao,C0058,리뷰 이벤트 단독 특가 모음,image,6793,5018,2899,371,10,4,50533,173231
2026-07-27,google_ads,C0059,시즌오프 룩북 가이드,image,11830,8804,3966,338,12,4,117855,236629
2026-07-27,facebook,C0060,한정 수량 기획전 가이드,video,6341,4476,2906,127,2,0,30035,0
2026-07-28,instagram,C0001,가을 신상 단독 특가 모음,image,18644,15399,7952,770,15,3,120921,175751
2026-07-28,youtube,C0003,시즌오프 세트 후기,video,20709,16443,9048,398,6,2,94717,114906
2026-07-28,kakao,C0004,베스트셀러 쿠폰 추천,image,5810,3870,1539,393,21,12,47659,762550
2026-07-28,google_ads,C0005,여름 클리어런스 쿠폰 안내,image,17446,14676,9928,520,18,5,144275,378018
2026-07-28,facebook,C0006,재입고 알림 기획전 소개,video,10777,7049,4755,305,6,1,59841,43808
2026-07-28,naver_blog,C0008,신규 입고 기획전 소개,blog_post,5479,3445,1465,309,11,2,0,91040
2026-07-28,kakao,C0010,베스트셀러 룩북 소개,image,8789,6789,4875,524,22,12,75616,626576
2026-07-28,google_ads,C0011,신규 입고 코디 가이드,image,15581,11446,8027,395,7,1,134604,68342
2026-07-28,facebook,C0012,한정 수량 세트 후기,video,13065,9353,3997,383,6,1,58914,69885
2026-07-28,instagram,C0013,리뷰 이벤트 패키지 모음,carousel,12539,8394,3133,439,7,3,69451,170303
2026-07-28,naver_blog,C0014,한정 수량 세트 모음,blog_post,2805,1745,668,101,2,0,0,0
2026-07-28,youtube,C0015,베스트셀러 패키지 가이드,video,17492,11595,6081,363,3,0,79790,0
2026-07-28,facebook,C0018,리뷰 이벤트 패키지 총정리,video,13804,11238,5443,329,5,0,76530,0
2026-07-28,kakao,C0022,시즌오프 패키지 모음,image,5391,4058,2584,283,11,6,41085,480753
2026-07-28,google_ads,C0023,신규 입고 세트 후기,video,29915,19960,10232,843,23,4,284378,203630
2026-07-28,facebook,C0024,시즌오프 룩북 안내,carousel,6790,5844,3462,121,2,0,32176,0
2026-07-28,naver_blog,C0026,여름 클리어런스 세트 추천,blog_post,5637,4325,2497,422,19,10,0,803042
2026-07-28,youtube,C0027,신규 입고 룩북 가이드,reels,15677,12329,5392,343,4,0,68871,0
2026-07-28,google_ads,C0029,신규 입고 세트 모음,image,10483,8073,5497,216,6,1,92022,66900
2026-07-28,facebook,C0030,신규 입고 기획전 소개,carousel,6643,5642,2431,227,3,0,33922,0
2026-07-28,instagram,C0031,여름 클리어런스 세트 모음,image,12819,10650,6781,631,17,3,81994,256103
2026-07-28,youtube,C0033,직원 추천 룩북 모음,reels,15513,10321,3879,170,2,0,64539,0
2026-07-28,google_ads,C0035,가을 신상 기획전 가이드,image,21135,13721,7291,826,19,7,193542,632267
2026-07-28,facebook,C0036,직원 추천 기획전 총정리,image,10363,8613,5413,185,3,0,56332,0
2026-07-28,youtube,C0039,여름 클리어런스 세트 총정리,video,31687,26923,12065,793,12,4,148449,274097
2026-07-28,kakao,C0040,한정 수량 단독 특가 모음,image,9811,6973,2983,560,27,9,73898,451404
2026-07-28,google_ads,C0041,시즌오프 단독 특가 후기,image,13746,8740,5768,578,22,9,112653,497674
2026-07-28,facebook,C0042,시즌오프 패키지 추천,video,16612,13087,8525,339,6,0,72255,0
2026-07-28,naver_blog,C0044,가을 신상 체험단 가이드,blog_post,2806,1892,1171,184,8,1,0,48206
2026-07-28,youtube,C0045,시즌오프 코디 안내,reels,30469,23540,11272,588,7,1,133872,80420
2026-07-28,kakao,C0046,직원 추천 패키지 안내,image,11704,7853,2762,660,27,8,90241,360888
2026-07-28,facebook,C0048,브랜드 협업 패키지 모음,carousel,12100,7976,3239,161,1,0,64137,0
2026-07-28,instagram,C0049,직원 추천 세트 추천,reels,12857,10178,3763,341,9,1,73860,62148
2026-07-28,naver_blog,C0050,신규 입고 세트 가이드,blog_post,3491,2274,1403,243,10,4,0,363616
2026-07-28,kakao,C0052,한정 수량 쿠폰 후기,carousel,12111,9806,3566,441,17,5,91817,381592
2026-07-28,google_ads,C0053,베스트셀러 단독 특가 안내,video,19198,15952,10167,583,19,5,152071,278223
2026-07-28,instagram,C0055,시즌오프 세트 추천,image,23892,18697,7516,1087,15,5,177753,241285
2026-07-28,naver_blog,C0056,여름 클리어런스 단독 특가 총정리,blog_post,3476,2914,1657,252,7,3,0,239059
2026-07-28,youtube,C0057,신규 입고 쿠폰 후기,video,32773,25901,16783,483,8,2,122293,156401
2026-07-28,kakao,C0058,리뷰 이벤트 단독 특가 모음,image,5718,3689,2613,225,7,2,41071,115930
2026-07-28,google_ads,C0059,시즌오프 룩북 가이드,image,13475,11591,4966,366,13,6,131408,248463
2026-07-29,youtube,C0003,시즌오프 세트 후기,video,16888,11181,4868,346,3,0,61599,0
2026-07-29,kakao,C0004,베스트셀러 쿠폰 추천,image,6647,4866,3254,308,10,2,46583,151510
2026-07-29,facebook,C0006,재입고 알림 기획전 소개,video,7577,6399,4199,200,3,0,40275,0
2026-07-29,naver_blog,C0008,신규 입고 기획전 소개,blog_post,5113,3335,1927,318,10,3,0,270844
2026-07-29,youtube,C0009,한정 수량 세트 후기,reels,34118,23887,8933,496,8,2,137791,126768
2026-07-29,kakao,C0010,베스트셀러 룩북 소개,image,7999,5956,2319,544,18,7,52983,493652
2026-07-29,google_ads,C0011,신규 입고 코디 가이드,image,16437,12388,4513,320,11,4,150322,182082
2026-07-29,facebook,C0012,한정 수량 세트 후기,video,17404,11197,4589,434,7,1,95173,76860
2026-07-29,instagram,C0013,리뷰 이벤트 패키지 모음,carousel,9067,5693,3508,429,11,3,53551,127004
2026-07-29,naver_blog,C0014,한정 수량 세트 모음,blog_post,2562,1896,824,86,1,0,0,0
2026-07-29,youtube,C0015,베스트셀러 패키지 가이드,video,19998,13959,9022,359,6,0,85632,0
2026-07-29,google_ads,C0017,한정 수량 기획전 추천,video,18259,13827,6657,701,18,4,141144,186509
2026-07-29,facebook,C0018,리뷰 이벤트 패키지 총정리,video,12642,10043,6755,252,3,0,71164,0
2026-07-29,instagram,C0019,베스트셀러 체험단 가이드,carousel,18899,13867,6873,1039,16,5,123750,428440
2026-07-29,youtube,C0021,신규 입고 코디 모음,reels,14354,9019,6426,264,3,0,57218,0
2026-07-29,kakao,C0022,시즌오프 패키지 모음,image,5632,4656,1716,287,13,3,39101,123241
2026-07-29,google_ads,C0023,신규 입고 세트 후기,video,29879,22750,15887,821,26,11,297785,821800
2026-07-29,facebook,C0024,시즌오프 룩북 안내,carousel,4495,3078,2213,55,1,0,23220,0
2026-07-29,naver_blog,C0026,여름 클리어런스 세트 추천,blog_post,6149,4288,2817,474,22,7,0,513352
2026-07-29,youtube,C0027,신규 입고 룩북 가이드,reels,15850,10645,6050,365,6,1,67699,56093
2026-07-29,google_ads,C0029,신규 입고 세트 모음,image,11100,7169,3082,238,4,1,92892,52831
2026-07-29,facebook,C0030,신규 입고 기획전 소개,carousel,5311,3545,2207,191,3,0,27215,0
2026-07-29,youtube,C0033,직원 추천 룩북 모음,reels,13671,11004,7560,158,2,0,60179,0
2026-07-29,google_ads,C0035,가을 신상 기획전 가이드,image,20427,15402,10062,700,14,2,159295,97419
2026-07-29,facebook,C0036,직원 추천 기획전 총정리,image,9420,7807,4545,168,3,0,53369,0
2026-07-29,instagram,C0037,리뷰 이벤트 세트 후기,reels,9590,7652,4804,275,7,3,67571,194015
2026-07-29,youtube,C0039,여름 클리어런스 세트 총정리,video,29961,26178,18485,801,12,3,143374,273087
2026-07-29,kakao,C0040,한정 수량 단독 특가 모음,image,10776,9066,6428,658,36,12,72048,980169
2026-07-29,google_ads,C0041,시즌오프 단독 특가 후기,image,16952,12079,6521,759,22,7,152881,448502
2026-07-29,facebook,C0042,시즌오프 패키지 추천,video,11257,9355,4172,165,2,0,49424,0
2026-07-29,naver_blog,C0044,가을 신상 체험단 가이드,blog_post,3878,2787,1063,228,5,2,0,89243
2026-07-29,kakao,C0046,직원 추천 패키지 안내,image,11370,9389,5370,643,35,9,91061,554091
2026-07-29,facebook,C0048,브랜드 협업 패키지 모음,carousel,18009,14277,5261,222,3,0,83525,0
2026-07-29,instagram,C0049,직원 추천 세트 추천,reels,14696,10729,5162,306,9,3,86268,166879
2026-07-29,youtube,C0051,신규 입고 코디 후기,video,21624,15280,7481,442,8,2,100602,152449
2026-07-29,kakao,C0052,한정 수량 쿠폰 후기,carousel,9416,7404,5015,390,19,6,72946,366631
2026-07-29,google_ads,C0053,베스트셀러 단독 특가 안내,video,13990,10899,3917,495,11,2,107462,141691
2026-07-29,instagram,C0055,시즌오프 세트 추천,image,17642,15438,7434,948,28,8,116139,375025
2026-07-29,naver_blog,C0056,여름 클리어런스 단독 특가 총정리,blog_post,4344,3584,1548,296,10,3,0,221323
2026-07-29,youtube,C0057,신규 입고 쿠폰 후기,video,25228,18786,13460,463,6,1,103570,74278
2026-07-29,kakao,C0058,리뷰 이벤트 단독 특가 모음,image,6658,4499,2955,319,16,8,47803,652416
2026-07-29,google_ads,C0059,시즌오프 룩북 가이드,image,16943,14903,10030,617,11,2,162538,178388
2026-07-29,facebook,C0060,한정 수량 기획전 가이드,video,9704,6126,2720,176,2,0,53324,0
2026-07-30,instagram,C0001,가을 신상 단독 특가 모음,image,14617,12507,5665,569,9,1,83534,57483
2026-07-30,youtube,C0003,시즌오프 세트 후기,video,14779,10274,3703,311,4,0,66831,0
2026-07-30,kakao,C0004,베스트셀러 쿠폰 추천,image,6260,5097,3240,305,10,4,50513,298707
2026-07-30,google_ads,C0005,여름 클리어런스 쿠폰 안내,image,24738,20029,13430,890,25,5,194563,274489
2026-07-30,facebook,C0006,재입고 알림 기획전 소개,video,10330,8519,5628,266,6,1,58579,70025
2026-07-30,naver_blog,C0008,신규 입고 기획전 소개,blog_post,5732,4753,2101,365,11,4,0,256876
2026-07-30,youtube,C0009,한정 수량 세트 후기,reels,24864,21185,8122,346,4,0,109438,0
2026-07-30,kakao,C0010,베스트셀러 룩북 소개,image,9317,7526,4526,459,22,9,66970,705010
2026-07-30,google_ads,C0011,신규 입고 코디 가이드,image,15111,10748,4041,301,9,1,149565,69579
2026-07-30,facebook,C0012,한정 수량 세트 후기,video,17073,11504,5364,408,8,1,85740,54294
2026-07-30,instagram,C0013,리뷰 이벤트 패키지 모음,carousel,8236,6145,2262,340,9,2,47686,138338
2026-07-30,naver_blog,C0014,한정 수량 세트 모음,blog_post,2369,1649,806,90,4,1,0,80730
2026-07-30,youtube,C0015,베스트셀러 패키지 가이드,video,21649,13703,8797,404,3,0,85763,0
2026-07-30,google_ads,C0017,한정 수량 기획전 추천,video,16121,13164,6263,738,21,9,136754,517871
2026-07-30,facebook,C0018,리뷰 이벤트 패키지 총정리,video,16334,13546,4885,316,6,1,88994,88173
2026-07-30,instagram,C0019,베스트셀러 체험단 가이드,carousel,24407,16302,8231,1284,19,5,150745,367266
2026-07-30,youtube,C0021,신규 입고 코디 모음,reels,10865,8699,5218,179,2,0,42814,0
2026-07-30,google_ads,C0023,신규 입고 세트 후기,video,26582,22572,13695,874,22,9,247367,553121
2026-07-30,facebook,C0024,시즌오프 룩북 안내,carousel,4825,3881,1501,68,1,0,27429,0
2026-07-30,naver_blog,C0026,여름 클리어런스 세트 추천,blog_post,5171,3727,1387,390,18,3,0,198306
2026-07-30,youtube,C0027,신규 입고 룩북 가이드,reels,15699,13780,5474,387,4,1,74674,64424
2026-07-30,google_ads,C0029,신규 입고 세트 모음,image,8590,7116,3665,241,6,1,69519,84659
2026-07-30,facebook,C0030,신규 입고 기획전 소개,carousel,6255,5373,1986,192,2,0,31075,0
2026-07-30,instagram,C0031,여름 클리어런스 세트 모음,image,12741,9849,4853,661,10,3,94585,224867
2026-07-30,naver_blog,C0032,베스트셀러 쿠폰 안내,blog_post,6282,4734,2199,378,13,6,0,406142
2026-07-30,youtube,C0033,직원 추천 룩북 모음,reels,19564,16962,6232,280,3,0,78900,0
2026-07-30,google_ads,C0035,가을 신상 기획전 가이드,image,18370,12085,5109,714,13,6,148176,475265
2026-07-30,facebook,C0036,직원 추천 기획전 총정리,image,13470,10504,6538,341,6,1,73726,44667
2026-07-30,instagram,C0037,리뷰 이벤트 세트 후기,reels,12091,9898,4353,309,8,3,78338,125066
2026-07-30,kakao,C0040,한정 수량 단독 특가 모음,image,8418,5590,2107,434,21,10,54815,865737
2026-07-30,google_ads,C0041,시즌오프 단독 특가 후기,image,12932,8848,3233,461,14,2,120189,167210
2026-07-30,facebook,C0042,시즌오프 패키지 추천,video,14372,10790,4354,270,3,0,80075,0
2026-07-30,naver_blog,C0044,가을 신상 체험단 가이드,blog_post,3757,3172,2034,233,8,3,0,185395
2026-07-30,youtube,C0045,시즌오프 코디 안내,reels,31037,26042,12442,643,7,2,148168,108781
2026-07-30,kakao,C0046,직원 추천 패키지 안내,image,12173,8212,4500,671,18,8,83558,630013
2026-07-30,google_ads,C0047,한정 수량 세트 후기,image,11669,9316,5865,409,13,3,108037,144268
2026-07-30,facebook,C0048,브랜드 협업 패키지 모음,carousel,14778,11702,7880,244,5,1,72240,72247
2026-07-30,instagram,C0049,직원 추천 세트 추천,reels,10219,8691,5262,214,7,1,67993,47306
2026-07-30,naver_blog,C0050,신규 입고 세트 가이드,blog_post,3481,2564,1027,236,5,1,0,80089
2026-07-30,youtube,C0051,신규 입고 코디 후기,video,19020,13041,5856,536,10,2,82098,97900
2026-07-30,kakao,C0052,한정 수량 쿠폰 후기,carousel,11142,7207,5124,471,22,9,80854,764371
2026-07-30,facebook,C0054,브랜드 협업 기획전 소개,carousel,9757,7361,3978,206,3,0,43922,0
2026-07-30,instagram,C0055,시즌오프 세트 추천,image,23941,14936,6498,1346,19,7,150291,447078
2026-07-30,naver_blog,C0056,여름 클리어런스 단독 특가 총정리,blog_post,4857,3652,2131,349,12,5,0,332232
2026-07-30,youtube,C0057,신규 입고 쿠폰 후기,video,21862,15233,7432,407,5,1,84527,70416
2026-07-30,google_ads,C0059,시즌오프 룩북 가이드,image,15080,9683,5217,414,11,3,145942,261275
2026-07-30,facebook,C0060,한정 수량 기획전 가이드,video,6379,4468,2996,117,2,0,27444,0
2026-07-31,instagram,C0001,가을 신상 단독 특가 모음,image,18579,11600,7645,755,13,3,132196,275670
2026-07-31,kakao,C0004,베스트셀러 쿠폰 추천,image,4684,2994,1069,288,11,6,36905,379286
2026-07-31,google_ads,C0005,여름 클리어런스 쿠폰 안내,image,14192,11187,7707,476,8,1,140783,94621
2026-07-31,facebook,C0006,재입고 알림 기획전 소개,video,6872,5703,3138,141,2,0,35302,0
2026-07-31,naver_blog,C0008,신규 입고 기획전 소개,blog_post,5158,3899,1386,306,12,4,0,280611
2026-07-31,youtube,C0009,한정 수량 세트 후기,reels,25994,19951,11573,334,5,1,110090,69696
2026-07-31,kakao,C0010,베스트셀러 룩북 소개,image,8293,6511,2563,502,24,11,67451,483951
2026-07-31,google_ads,C0011,신규 입고 코디 가이드,image,14767,10801,5231,403,11,5,113899,363542
2026-07-31,facebook,C0012,한정 수량 세트 후기,video,16837,11019,7449,462,6,1,87494,71752
2026-07-31,instagram,C0013,리뷰 이벤트 패키지 모음,carousel,8316,5187,3691,338,4,1,60497,60269
2026-07-31,naver_blog,C0014,한정 수량 세트 모음,blog_post,2067,1529,725,77,3,1,0,65130
2026-07-31,youtube,C0015,베스트셀러 패키지 가이드,video,16534,11526,6601,380,3,0,76417,0
2026-07-31,google_ads,C0017,한정 수량 기획전 추천,video,14339,11158,6350,668,17,4,115148,367465
2026-07-31,facebook,C0018,리뷰 이벤트 패키지 총정리,video,13922,10257,6668,364,8,1,74442,54652
2026-07-31,instagram,C0019,베스트셀러 체험단 가이드,carousel,22433,15930,7306,1086,33,8,158041,375624
2026-07-31,youtube,C0021,신규 입고 코디 모음,reels,10692,8976,4361,231,4,0,48063,0
2026-07-31,kakao,C0022,시즌오프 패키지 모음,image,4251,3658,2496,202,11,4,29120,189922
2026-07-31,google_ads,C0023,신규 입고 세트 후기,video,25295,16851,6913,860,20,8,247293,322225
2026-07-31,facebook,C0024,시즌오프 룩북 안내,carousel,5414,4687,3056,71,1,0,24961,0
2026-07-31,naver_blog,C0026,여름 클리어런스 세트 추천,blog_post,4584,3306,2299,366,15,4,0,265923
2026-07-31,youtube,C0027,신규 입고 룩북 가이드,reels,13639,10931,7663,245,3,1,59181,86411
2026-07-31,facebook,C0030,신규 입고 기획전 소개,carousel,6050,3886,1627,153,3,0,27776,0
2026-07-31,instagram,C0031,여름 클리어런스 세트 모음,image,14749,9348,5241,612,9,1,93860,57265
2026-07-31,naver_blog,C0032,베스트셀러 쿠폰 안내,blog_post,8146,5593,3407,690,16,6,0,499118
2026-07-31,youtube,C0033,직원 추천 룩북 모음,reels,14505,12050,4845,199,2,0,62256,0
2026-07-31,google_ads,C0035,가을 신상 기획전 가이드,image,15183,10428,7340,567,14,6,155477,501700
2026-07-31,facebook,C0036,직원 추천 기획전 총정리,image,9072,6742,4367,217,2,0,48426,0
2026-07-31,instagram,C0037,리뷰 이벤트 세트 후기,reels,8706,5500,2640,249,6,1,51210,65754
2026-07-31,youtube,C0039,여름 클리어런스 세트 총정리,video,41159,33904,21003,983,15,4,159485,351698
2026-07-31,kakao,C0040,한정 수량 단독 특가 모음,image,8467,6142,2770,449,11,4,57668,280549
2026-07-31,google_ads,C0047,한정 수량 세트 후기,image,14680,12795,5983,410,15,6,137297,520437
2026-07-31,facebook,C0048,브랜드 협업 패키지 모음,carousel,11259,7119,3371,166,2,0,48697,0
2026-07-31,instagram,C0049,직원 추천 세트 추천,reels,12192,8676,4205,298,5,1,86966,72673
2026-07-31,naver_blog,C0050,신규 입고 세트 가이드,blog_post,3350,2743,1068,238,9,4,0,306538
2026-07-31,kakao,C0052,한정 수량 쿠폰 후기,carousel,7945,5132,3275,331,9,5,50990,290346
2026-07-31,google_ads,C0053,베스트셀러 단독 특가 안내,video,17353,13835,5118,677,13,2,166348,120804
2026-07-31,facebook,C0054,브랜드 협업 기획전 소개,carousel,8480,7312,4449,182,2,0,37091,0
2026-07-31,instagram,C0055,시즌오프 세트 추천,image,18655,13087,8424,932,29,5,108813,314862
2026-07-31,naver_blog,C0056,여름 클리어런스 단독 특가 총정리,blog_post,4541,2908,1137,270,11,2,0,176635
2026-07-31,youtube,C0057,신규 입고 쿠폰 후기,video,28112,19327,11296,490,4,0,134217,0
2026-07-31,kakao,C0058,리뷰 이벤트 단독 특가 모음,image,7509,6030,3994,343,14,8,59836,579550
2026-07-31,google_ads,C0059,시즌오프 룩북 가이드,image,10023,6815,4278,277,4,1,102585,74212
2026-08-01,instagram,C0001,가을 신상 단독 특가 모음,image,10148,8112,4576,343,7,3,73447,190687
2026-08-01,youtube,C0003,시즌오프 세트 후기,video,14676,12000,4485,306,5,1,70060,94476
2026-08-01,kakao,C0004,베스트셀러 쿠폰 추천,image,4199,3577,2522,226,11,3,30300,213568
2026-08-01,google_ads,C0005,여름 클리어런스 쿠폰 안내,image,14334,9150,3403,620,18,6,134583,371268
2026-08-01,facebook,C0006,재입고 알림 기획전 소개,video,7642,6375,2369,191,3,0,32983,0
2026-08-01,naver_blog,C0008,신규 입고 기획전 소개,blog_post,3745,2788,1251,215,8,4,0,305686
2026-08-01,youtube,C0009,한정 수량 세트 후기,reels,21833,19004,9287,289,2,0,88314,0
2026-08-01,kakao,C0010,베스트셀러 룩북 소개,image,5586,3939,1696,352,18,4,38281,243486
2026-08-01,google_ads,C0011,신규 입고 코디 가이드,image,12630,8433,3281,307,6,1,102988,92086
2026-08-01,facebook,C0012,한정 수량 세트 후기,video,9332,7700,3571,264,2,0,40108,0
2026-08-01,instagram,C0013,리뷰 이벤트 패키지 모음,carousel,9695,7074,4247,363,5,2,63792,180487
2026-08-01,naver_blog,C0014,한정 수량 세트 모음,blog_post,1881,1240,848,63,2,0,0,0
2026-08-01,google_ads,C0017,한정 수량 기획전 추천,video,14405,12517,8658,560,18,9,131841,846100
2026-08-01,facebook,C0018,리뷰 이벤트 패키지 총정리,video,12907,10890,4164,303,5,1,58097,42553
2026-08-01,youtube,C0021,신규 입고 코디 모음,reels,11610,9861,6360,256,2,0,49064,0
2026-08-01,kakao,C0022,시즌오프 패키지 모음,image,3605,2669,958,184,4,1,23718,58933
2026-08-01,google_ads,C0023,신규 입고 세트 후기,video,23337,17810,7425,754,28,5,228637,399528
2026-08-01,facebook,C0024,시즌오프 룩북 안내,carousel,4077,3492,2237,61,1,0,21524,0
2026-08-01,naver_blog,C0026,여름 클리어런스 세트 추천,blog_post,3791,3112,1668,229,7,2,0,88970
2026-08-01,youtube,C0027,신규 입고 룩북 가이드,reels,12215,9765,5117,283,2,0,44291,0
2026-08-01,google_ads,C0029,신규 입고 세트 모음,image,10817,7661,3351,257,8,3,89056,210335
2026-08-01,facebook,C0030,신규 입고 기획전 소개,carousel,5238,3940,2227,184,3,0,29815,0
2026-08-01,instagram,C0031,여름 클리어런스 세트 모음,image,8200,5288,2856,335,9,1,46168,70315
2026-08-01,naver_blog,C0032,베스트셀러 쿠폰 안내,blog_post,5544,4338,2864,350,13,3,0,161573
2026-08-01,youtube,C0033,직원 추천 룩북 모음,reels,11814,7974,3179,173,2,0,48449,0
2026-08-01,google_ads,C0035,가을 신상 기획전 가이드,image,16064,10779,3813,461,14,2,124456,102864
2026-08-01,facebook,C0036,직원 추천 기획전 총정리,image,11060,8858,3818,200,3,0,61114,0
2026-08-01,instagram,C0037,리뷰 이벤트 세트 후기,reels,9662,6602,4064,220,6,1,55144,58450
2026-08-01,youtube,C0039,여름 클리어런스 세트 총정리,video,23982,16097,9696,663,8,2,92590,171099
2026-08-01,kakao,C0040,한정 수량 단독 특가 모음,image,6356,5433,2094,336,9,2,40847,97808
2026-08-01,google_ads,C0041,시즌오프 단독 특가 후기,image,10040,8530,5149,421,11,3,93290,261999
2026-08-01,facebook,C0042,시즌오프 패키지 추천,video,11138,8442,3327,222,3,0,59730,0
2026-08-01,naver_blog,C0044,가을 신상 체험단 가이드,blog_post,1909,1375,563,111,4,1,0,46518
2026-08-01,kakao,C0046,직원 추천 패키지 안내,image,7472,5715,2779,495,26,15,55376,1221342
2026-08-01,facebook,C0048,브랜드 협업 패키지 모음,carousel,12419,10702,4078,188,2,0,58428,0
2026-08-01,instagram,C0049,직원 추천 세트 추천,reels,10686,7333,4346,266,6,2,73311,146512
2026-08-01,naver_blog,C0050,신규 입고 세트 가이드,blog_post,2587,1884,665,195,6,2,0,94242
2026-08-01,youtube,C0051,신규 입고 코디 후기,video,18416,11980,5502,383,4,0,68934,0
2026-08-01,kakao,C0052,한정 수량 쿠폰 후기,carousel,7596,6002,3645,243,7,3,62954,224978
2026-08-01,facebook,C0054,브랜드 협업 기획전 소개,carousel,5988,5248,3682,162,3,0,26774,0
2026-08-01,instagram,C0055,시즌오프 세트 추천,image,14316,11930,4549,725,19,4,84707,234543
2026-08-01,naver_blog,C0056,여름 클리어런스 단독 특가 총정리,blog_post,2518,2193,1570,199,9,2,0,120219
2026-08-01,youtube,C0057,신규 입고 쿠폰 후기,video,18209,12524,5320,341,6,1,66811,85894
2026-08-01,kakao,C0058,리뷰 이벤트 단독 특가 모음,image,5523,4006,1956,278,10,4,44252,361550
2026-08-01,google_ads,C0059,시즌오프 룩북 가이드,image,9525,6724,3481,330,12,5,79764,412324
2026-08-02,instagram,C0001,가을 신상 단독 특가 모음,image,15158,10818,4746,607,14,6,95365,547293
2026-08-02,youtube,C0003,시즌오프 세트 후기,video,12339,10737,4010,224,2,0,49386,0
2026-08-02,kakao,C0004,베스트셀러 쿠폰 추천,image,3730,3193,1794,250,14,8,26349,358516
2026-08-02,google_ads,C0005,여름 클리어런스 쿠폰 안내,image,16069,12452,5846,690,20,6,159556,299968
2026-08-02,naver_blog,C0008,신규 입고 기획전 소개,blog_post,3877,3392,1358,196,8,4,0,218452
2026-08-02,kakao,C0010,베스트셀러 룩북 소개,image,7772,6745,3984,481,16,9,66001,764206
2026-08-02,google_ads,C0011,신규 입고 코디 가이드,image,8829,6183,3807,174,5,1,85904,52430
2026-08-02,instagram,C0013,리뷰 이벤트 패키지 모음,carousel,5672,4304,2599,191,6,2,41510,95629
2026-08-02,naver_blog,C0014,한정 수량 세트 모음,blog_post,1861,1419,545,88,2,0,0,0
2026-08-02,google_ads,C0017,한정 수량 기획전 추천,video,14628,10715,7341,648,14,6,137595,463975
2026-08-02,facebook,C0018,리뷰 이벤트 패키지 총정리,video,10094,7945,3261,242,5,0,50909,0
2026-08-02,instagram,C0019,베스트셀러 체험단 가이드,carousel,17382,14484,6262,828,19,6,109603,346891
2026-08-02,youtube,C0021,신규 입고 코디 모음,reels,9715,6304,4331,196,1,0,43254,0
2026-08-02,kakao,C0022,시즌오프 패키지 모음,image,3925,3385,1263,226,8,3,30835,127528
2026-08-02,google_ads,C0023,신규 입고 세트 후기,video,16076,13546,5634,454,10,2,151740,183989
2026-08-02,facebook,C0024,시즌오프 룩북 안내,carousel,3100,2164,1532,50,0,0,16723,0
2026-08-02,naver_blog,C0026,여름 클리어런스 세트 추천,blog_post,3850,2473,1774,306,8,2,0,148467
2026-08-02,youtube,C0027,신규 입고 룩북 가이드,reels,11405,7593,4682,255,2,0,53016,0
2026-08-02,google_ads,C0029,신규 입고 세트 모음,image,7387,5961,4217,163,5,2,60762,105809
2026-08-02,facebook,C0030,신규 입고 기획전 소개,carousel,4236,3475,1785,139,1,0,21865,0
2026-08-02,instagram,C0031,여름 클리어런스 세트 모음,image,9081,6748,4093,496,15,6,54165,314790
2026-08-02,naver_blog,C0032,베스트셀러 쿠폰 안내,blog_post,5044,4401,2304,299,6,3,0,127517
2026-08-02,youtube,C0033,직원 추천 룩북 모음,reels,14027,9137,4907,162,3,0,51820,0
2026-08-02,kakao,C0034,한정 수량 코디 안내,image,4330,2796,1645,308,17,5,36983,386387
2026-08-02,google_ads,C0035,가을 신상 기획전 가이드,image,11869,7635,5098,427,15,4,113469,217670
2026-08-02,instagram,C0037,리뷰 이벤트 세트 후기,reels,7427,5230,3289,176,3,1,44172,77996
2026-08-02,youtube,C0039,여름 클리어런스 세트 총정리,video,30960,26597,14311,799,14,2,149425,118071
2026-08-02,naver_blog,C0044,가을 신상 체험단 가이드,blog_post,2494,1977,1193,161,4,2,0,124553
2026-08-02,kakao,C0046,직원 추천 패키지 안내,image,7824,6870,2941,485,26,8,65670,667756
2026-08-02,google_ads,C0047,한정 수량 세트 후기,image,12493,7962,4694,396,9,3,112159,137249
2026-08-02,facebook,C0048,브랜드 협업 패키지 모음,carousel,10344,7261,4843,184,3,0,48988,0
2026-08-02,instagram,C0049,직원 추천 세트 추천,reels,9415,6375,3140,230,3,1,64207,52608
2026-08-02,naver_blog,C0050,신규 입고 세트 가이드,blog_post,2733,1954,729,212,9,1,0,57513
2026-08-02,youtube,C0051,신규 입고 코디 후기,video,17390,13764,6692,409,7,0,74489,0
2026-08-02,google_ads,C0053,베스트셀러 단독 특가 안내,video,10383,6483,4507,313,10,3,85359,172971
2026-08-02,facebook,C0054,브랜드 협업 기획전 소개,carousel,5152,3441,1811,106,1,0,25254,0
2026-08-02,instagram,C0055,시즌오프 세트 추천,image,11053,8642,5109,451,12,2,67695,183488
2026-08-02,naver_blog,C0056,여름 클리어런스 단독 특가 총정리,blog_post,3203,2343,1640,207,7,3,0,186987
2026-08-02,youtube,C0057,신규 입고 쿠폰 후기,video,16718,11082,5890,276,2,0,75913,0
2026-08-02,kakao,C0058,리뷰 이벤트 단독 특가 모음,image,5407,4301,1550,297,14,8,40975,529067
2026-08-02,google_ads,C0059,시즌오프 룩북 가이드,image,9209,7722,5376,363,11,5,87811,284911
2026-08-02,facebook,C0060,한정 수량 기획전 가이드,video,4228,3467,1635,65,1,0,22951,0
2026-08-03,instagram,C0001,가을 신상 단독 특가 모음,image,15192,9911,3636,544,8,3,106882,200237
2026-08-03,youtube,C0003,시즌오프 세트 후기,video,22402,17168,8905,538,7,2,80008,126295
2026-08-03,kakao,C0004,베스트셀러 쿠폰 추천,image,5066,3548,2115,282,10,4,39056,363138
2026-08-03,facebook,C0006,재입고 알림 기획전 소개,video,9871,7109,3402,261,2,0,42440,0
2026-08-03,naver_blog,C0008,신규 입고 기획전 소개,blog_post,5364,4300,2253,234,9,5,0,355387
2026-08-03,kakao,C0010,베스트셀러 룩북 소개,image,7305,5735,3386,374,18,5,49953,391048
2026-08-03,google_ads,C0011,신규 입고 코디 가이드,image,15727,10483,5025,326,6,1,129074,56484
2026-08-03,naver_blog,C0014,한정 수량 세트 모음,blog_post,3510,2742,1527,145,4,1,0,90743
2026-08-03,youtube,C0015,베스트셀러 패키지 가이드,video,20066,14164,6329,480,9,2,79407,108313
2026-08-03,google_ads,C0017,한정 수량 기획전 추천,video,21336,16623,8250,990,29,12,177187,945753
2026-08-03,instagram,C0019,베스트셀러 체험단 가이드,carousel,20820,14134,9553,1167,22,7,142476,533092
2026-08-03,youtube,C0021,신규 입고 코디 모음,reels,11850,7494,3532,219,3,0,56267,0
2026-08-03,google_ads,C0023,신규 입고 세트 후기,video,28854,23670,12859,1096,25,6,228805,242632
2026-08-03,naver_blog,C0026,여름 클리어런스 세트 추천,blog_post,4299,3438,1349,291,6,1,0,89458
2026-08-03,youtube,C0027,신규 입고 룩북 가이드,reels,15571,12829,6249,330,5,1,58053,53443
2026-08-03,google_ads,C0029,신규 입고 세트 모음,image,10389,7610,3520,285,5,1,95368,85262
2026-08-03,facebook,C0030,신규 입고 기획전 소개,carousel,6459,4602,1842,166,3,0,35768,0
2026-08-03,naver_blog,C0032,베스트셀러 쿠폰 안내,blog_post,7677,5139,2905,572,25,13,0,917094
2026-08-03,youtube,C0033,직원 추천 룩북 모음,reels,21662,16863,11794,262,3,0,84412,0
2026-08-03,kakao,C0034,한정 수량 코디 안내,image,7199,4621,1998,441,16,9,50698,450865
2026-08-03,facebook,C0036,직원 추천 기획전 총정리,image,10126,8044,3219,246,3,0,45816,0
2026-08-03,instagram,C0037,리뷰 이벤트 세트 후기,reels,11803,7375,3214,323,8,2,81164,168109
2026-08-03,youtube,C0039,여름 클리어런스 세트 총정리,video,42743,35737,12939,1169,24,6,190871,536071
2026-08-03,kakao,C0040,한정 수량 단독 특가 모음,image,8209,6697,4720,368,19,4,64571,267205
2026-08-03,naver_blog,C0044,가을 신상 체험단 가이드,blog_post,2893,2540,1172,186,4,1,0,83666
2026-08-03,google_ads,C0047,한정 수량 세트 후기,image,18349,14284,6480,550,11,4,176527,325856
2026-08-03,facebook,C0048,브랜드 협업 패키지 모음,carousel,12908,8450,6065,204,2,0,57462,0
2026-08-03,instagram,C0049,직원 추천 세트 추천,reels,15837,10706,7224,360,6,1,101966,43724
2026-08-03,naver_blog,C0050,신규 입고 세트 가이드,blog_post,4383,3204,1662,366,7,3,0,143429
2026-08-03,youtube,C0051,신규 입고 코디 후기,video,23426,16443,11222,467,5,1,85285,91785
2026-08-03,kakao,C0052,한정 수량 쿠폰 후기,carousel,9600,7403,4699,382,11,2,67050,180968
2026-08-03,google_ads,C0053,베스트셀러 단독 특가 안내,video,12145,9235,4798,517,17,7,119049,633149
2026-08-03,facebook,C0054,브랜드 협업 기획전 소개,carousel,7904,5235,2148,228,3,0,34285,0
2026-08-03,instagram,C0055,시즌오프 세트 추천,image,23645,20292,9046,1327,30,12,135322,1085447
2026-08-03,naver_blog,C0056,여름 클리어런스 단독 특가 총정리,blog_post,4546,3198,1427,257,11,4,0,349698
2026-08-03,youtube,C0057,신규 입고 쿠폰 후기,video,26429,20107,11031,514,5,1,115294,58671
2026-08-03,facebook,C0060,한정 수량 기획전 가이드,video,6414,4975,3218,118,2,0,34554,0
2026-08-04,instagram,C0001,가을 신상 단독 특가 모음,image,16305,12258,7644,812,19,6,104436,493908
2026-08-04,youtube,C0003,시즌오프 세트 후기,video,15585,10189,3890,262,4,1,56462,78328
2026-08-04,google_ads,C0005,여름 클리어런스 쿠폰 안내,image,24604,20005,7371,1048,40,8,245022,699699
2026-08-04,facebook,C0006,재입고 알림 기획전 소개,video,9616,7956,5529,245,3,0,49802,0
2026-08-04,naver_blog,C0008,신규 입고 기획전 소개,blog_post,5523,4283,2664,342,8,1,0,49652
2026-08-04,kakao,C0010,베스트셀러 룩북 소개,image,8167,6247,2606,395,21,5,54140,248440
2026-08-04,google_ads,C0011,신규 입고 코디 가이드,image,15929,10955,7397,364,13,6,153684,240497
2026-08-04,facebook,C0012,한정 수량 세트 후기,video,13283,11606,5326,322,7,0,66458,0
2026-08-04,instagram,C0013,리뷰 이벤트 패키지 모음,carousel,11258,8677,4098,407,6,1,81084,73761
2026-08-04,naver_blog,C0014,한정 수량 세트 모음,blog_post,3000,2132,1229,139,3,1,0,67325
2026-08-04,google_ads,C0017,한정 수량 기획전 추천,video,19546,13181,9234,804,19,4,159289,362682
2026-08-04,facebook,C0018,리뷰 이벤트 패키지 총정리,video,17398,11510,5556,340,5,1,83056,44604
2026-08-04,instagram,C0019,베스트셀러 체험단 가이드,carousel,17934,14169,7961,1023,17,4,101580,363293
2026-08-04,kakao,C0022,시즌오프 패키지 모음,image,4372,2883,1347,237,11,4,32159,261919
2026-08-04,google_ads,C0023,신규 입고 세트 후기,video,24146,17535,11500,874,27,13,187503,789542
2026-08-04,facebook,C0024,시즌오프 룩북 안내,carousel,5360,4040,2380,82,0,0,23640,0
2026-08-04,naver_blog,C0026,여름 클리어런스 세트 추천,blog_post,6136,3868,1743,425,19,8,0,389094
2026-08-04,youtube,C0027,신규 입고 룩북 가이드,reels,17672,11390,7479,422,5,0,77846,0
2026-08-04,facebook,C0030,신규 입고 기획전 소개,carousel,6052,5120,2821,186,4,0,25797,0
2026-08-04,instagram,C0031,여름 클리어런스 세트 모음,image,11766,8294,4609,457,9,2,68071,172050
2026-08-04,naver_blog,C0032,베스트셀러 쿠폰 안내,blog_post,8649,5761,3994,715,24,10,0,664242
2026-08-04,youtube,C0033,직원 추천 룩북 모음,reels,20931,18200,10664,255,4,1,95164,46531
2026-08-04,kakao,C0034,한정 수량 코디 안내,image,6390,4453,1855,402,19,7,42818,308914
2026-08-04,facebook,C0036,직원 추천 기획전 총정리,image,11346,7223,3287,252,4,1,50139,80300
2026-08-04,kakao,C0040,한정 수량 단독 특가 모음,image,11200,9465,3628,668,26,14,81637,1029245
2026-08-04,naver_blog,C0044,가을 신상 체험단 가이드,blog_post,3696,2384,976,226,5,1,0,43135
2026-08-04,kakao,C0046,직원 추천 패키지 안내,image,8428,6733,2775,393,9,5,67912,348291
2026-08-04,google_ads,C0047,한정 수량 세트 후기,image,15457,13091,4600,510,12,2,128440,138240
2026-08-04,facebook,C0048,브랜드 협업 패키지 모음,carousel,17269,14906,8267,225,3,0,77820,0
2026-08-04,instagram,C0049,직원 추천 세트 추천,reels,14824,9431,4874,383,8,3,103764,274037
2026-08-04,youtube,C0051,신규 입고 코디 후기,video,22007,18734,12670,534,10,2,103042,102423
2026-08-04,kakao,C0052,한정 수량 쿠폰 후기,carousel,10882,8860,4758,406,22,13,91728,1056280
2026-08-04,google_ads,C0053,베스트셀러 단독 특가 안내,video,13545,9999,4416,499,19,4,139208,201771
2026-08-04,facebook,C0054,브랜드 협업 기획전 소개,carousel,9531,6407,2777,257,2,0,47770,0
2026-08-04,naver_blog,C0056,여름 클리어런스 단독 특가 총정리,blog_post,3600,2921,1809,199,6,2,0,164067
2026-08-04,youtube,C0057,신규 입고 쿠폰 후기,video,35851,26723,13166,633,8,2,144712,144020
2026-08-04,kakao,C0058,리뷰 이벤트 단독 특가 모음,image,9042,6871,2660,445,15,8,70280,525519
2026-08-04,facebook,C0060,한정 수량 기획전 가이드,video,7610,5629,3018,114,2,0,42082,0
2026-08-05,instagram,C0001,가을 신상 단독 특가 모음,image,18614,12987,7720,685,18,8,132675,386297
2026-08-05,youtube,C0003,시즌오프 세트 후기,video,16950,14710,7321,332,3,0,72786,0
2026-08-05,kakao,C0004,베스트셀러 쿠폰 추천,image,4920,3311,1914,292,16,4,34975,292515
2026-08-05,google_ads,C0005,여름 클리어런스 쿠폰 안내,image,22274,13862,7130,748,14,6,171747,328478
2026-08-05,facebook,C0006,재입고 알림 기획전 소개,video,9744,7085,4027,287,3,0,50455,0
2026-08-05,naver_blog,C0008,신규 입고 기획전 소개,blog_post,6027,4603,2624,297,11,3,0,178070
2026-08-05,youtube,C0009,한정 수량 세트 후기,reels,27169,17376,9354,453,8,2,100846,130824
2026-08-05,kakao,C0010,베스트셀러 룩북 소개,image,8971,7763,3703,515,23,12,59346,731341
2026-08-05,google_ads,C0011,신규 입고 코디 가이드,image,14551,10025,4681,390,8,3,142989,264513
2026-08-05,facebook,C0012,한정 수량 세트 후기,video,12847,10756,7690,276,3,0,62244,0
2026-08-05,instagram,C0013,리뷰 이벤트 패키지 모음,carousel,11563,7353,4858,401,9,2,75612,164718
2026-08-05,naver_blog,C0014,한정 수량 세트 모음,blog_post,3487,2681,1126,150,3,1,0,76671
2026-08-05,youtube,C0015,베스트셀러 패키지 가이드,video,23597,17536,11545,534,5,1,113505,53010
2026-08-05,google_ads,C0017,한정 수량 기획전 추천,video,22109,18239,12559,717,15,6,212125,490724
2026-08-05,facebook,C0018,리뷰 이벤트 패키지 총정리,video,15568,13171,7516,373,3,0,74510,0
2026-08-05,instagram,C0019,베스트셀러 체험단 가이드,carousel,22172,18169,7647,1053,26,11,165326,701355
2026-08-05,youtube,C0021,신규 입고 코디 모음,reels,14555,10840,6685,225,2,0,59561,0
2026-08-05,kakao,C0022,시즌오프 패키지 모음,image,3833,2489,1561,183,10,2,26426,181082
2026-08-05,google_ads,C0023,신규 입고 세트 후기,video,35372,23140,13195,960,26,10,361773,707244
2026-08-05,naver_blog,C0026,여름 클리어런스 세트 추천,blog_post,4993,3486,1269,292,12,2,0,180117
2026-08-05,youtube,C0027,신규 입고 룩북 가이드,reels,14593,10244,5198,273,5,0,63294,0
2026-08-05,google_ads,C0029,신규 입고 세트 모음,image,10118,7944,4720,231,4,1,90526,61383
2026-08-05,facebook,C0030,신규 입고 기획전 소개,carousel,6367,4486,2561,201,2,0,34930,0
2026-08-05,instagram,C0031,여름 클리어런스 세트 모음,image,12376,7692,5055,693,13,5,73642,245711
2026-08-05,naver_blog,C0032,베스트셀러 쿠폰 안내,blog_post,8877,5633,3515,602,23,12,0,1094142
2026-08-05,youtube,C0033,직원 추천 룩북 모음,reels,17802,15309,8983,251,3,0,80878,0
2026-08-05,kakao,C0034,한정 수량 코디 안내,image,7875,5386,2575,440,21,9,53232,649305
2026-08-05,facebook,C0036,직원 추천 기획전 총정리,image,13453,9552,5862,264,4,1,63787,60253
2026-08-05,instagram,C0037,리뷰 이벤트 세트 후기,reels,8658,6124,2261,275,4,1,49401,64653
2026-08-05,youtube,C0039,여름 클리어런스 세트 총정리,video,36646,30006,17592,846,9,2,155248,161768
2026-08-05,kakao,C0040,한정 수량 단독 특가 모음,image,7503,6191,3223,368,12,6,57472,305814
2026-08-05,facebook,C0042,시즌오프 패키지 추천,video,16161,10873,5146,288,5,0,71709,0
2026-08-05,naver_blog,C0044,가을 신상 체험단 가이드,blog_post,2621,2161,1306,133,5,2,0,187844
2026-08-05,kakao,C0046,직원 추천 패키지 안내,image,10739,8151,3380,730,20,10,80057,661369
2026-08-05,google_ads,C0047,한정 수량 세트 후기,image,18620,13649,6372,481,10,3,157813,173907
2026-08-05,facebook,C0048,브랜드 협업 패키지 모음,carousel,18612,15066,7963,315,5,0,94861,0
2026-08-05,naver_blog,C0050,신규 입고 세트 가이드,blog_post,3924,2920,1338,321,11,5,0,321740
2026-08-05,youtube,C0051,신규 입고 코디 후기,video,24260,18755,7017,543,6,1,104571,71657
2026-08-05,google_ads,C0053,베스트셀러 단독 특가 안내,video,15300,13351,6359,576,17,7,145527,323183
2026-08-05,facebook,C0054,브랜드 협업 기획전 소개,carousel,8387,6245,3520,219,2,0,44562,0
2026-08-05,instagram,C0055,시즌오프 세트 추천,image,23678,18006,9030,1162,36,7,144432,386620
2026-08-05,youtube,C0057,신규 입고 쿠폰 후기,video,25788,21024,14366,459,8,2,106296,141714
2026-08-05,facebook,C0060,한정 수량 기획전 가이드,video,9347,6593,4039,156,2,0,50126,0
2026-08-06,instagram,C0001,가을 신상 단독 특가 모음,image,13614,8948,4592,594,16,5,99035,432575
2026-08-06,youtube,C0003,시즌오프 세트 후기,video,20250,14130,7771,439,8,1,74383,40791
2026-08-06,kakao,C0004,베스트셀러 쿠폰 추천,image,5401,3768,2664,362,18,9,44090,462024
2026-08-06,google_ads,C0005,여름 클리어런스 쿠폰 안내,image,23906,18072,8941,881,16,6,224073,309273
2026-08-06,facebook,C0006,재입고 알림 기획전 소개,video,9323,7838,3074,190,2,0,46498,0
2026-08-06,naver_blog,C0008,신규 입고 기획전 소개,blog_post,4992,4284,2413,308,6,2,0,152236
2026-08-06,youtube,C0009,한정 수량 세트 후기,reels,28438,23886,15725,414,6,1,106819,87379
2026-08-06,google_ads,C0011,신규 입고 코디 가이드,image,11849,9778,3745,322,7,2,114666,162999
2026-08-06,facebook,C0012,한정 수량 세트 후기,video,16640,13642,8151,362,7,0,89300,0
2026-08-06,instagram,C0013,리뷰 이벤트 패키지 모음,carousel,9217,7115,2517,434,10,4,68623,227622
2026-08-06,naver_blog,C0014,한정 수량 세트 모음,blog_post,2562,1669,1030,84,1,0,0,0
2026-08-06,youtube,C0015,베스트셀러 패키지 가이드,video,25531,20589,7531,490,9,1,114134,51362
2026-08-06,google_ads,C0017,한정 수량 기획전 추천,video,15940,12772,8189,630,15,4,161321,177350
2026-08-06,facebook,C0018,리뷰 이벤트 패키지 총정리,video,14389,11164,6255,288,3,0,76354,0
2026-08-06,instagram,C0019,베스트셀러 체험단 가이드,carousel,21196,18517,13171,1173,26,7,156606,453389
2026-08-06,youtube,C0021,신규 입고 코디 모음,reels,15040,12690,8293,258,3,0,60263,0
2026-08-06,google_ads,C0023,신규 입고 세트 후기,video,24679,17821,10713,670,13,4,204785,266954
2026-08-06,facebook,C0024,시즌오프 룩북 안내,carousel,6778,5162,2612,112,1,0,38100,0
2026-08-06,naver_blog,C0026,여름 클리어런스 세트 추천,blog_post,5182,3721,1653,293,11,3,0,125768
2026-08-06,google_ads,C0029,신규 입고 세트 모음,image,13898,10909,4644,330,11,5,121689,273040
2026-08-06,naver_blog,C0032,베스트셀러 쿠폰 안내,blog_post,7722,5885,2354,652,13,3,0,189250
2026-08-06,kakao,C0034,한정 수량 코디 안내,image,5936,4658,2796,351,15,6,45748,502101
2026-08-06,instagram,C0037,리뷰 이벤트 세트 후기,reels,11036,6971,3717,278,8,3,79487,223404
2026-08-06,youtube,C0039,여름 클리어런스 세트 총정리,video,26892,17887,9606,728,8,2,111399,109658
2026-08-06,kakao,C0040,한정 수량 단독 특가 모음,image,11022,7154,4375,650,33,14,92405,664554
2026-08-06,facebook,C0042,시즌오프 패키지 추천,video,12651,10765,3852,269,5,1,72460,83385
2026-08-06,naver_blog,C0044,가을 신상 체험단 가이드,blog_post,3727,3106,1978,233,5,1,0,51454
2026-08-06,kakao,C0046,직원 추천 패키지 안내,image,8191,6129,3388,467,23,14,56317,740208
2026-08-06,google_ads,C0047,한정 수량 세트 후기,image,17408,12827,8425,457,15,5,162438,230997
2026-08-06,naver_blog,C0050,신규 입고 세트 가이드,blog_post,4563,3865,2738,284,6,1,0,54547
2026-08-06,youtube,C0051,신규 입고 코디 후기,video,17813,14078,5814,496,9,2,79845,119170
2026-08-06,kakao,C0052,한정 수량 쿠폰 후기,carousel,8121,6635,2484,236,11,5,67099,274830
2026-08-06,google_ads,C0053,베스트셀러 단독 특가 안내,video,12659,9070,5794,519,16,3,113340,221660
2026-08-06,facebook,C0054,브랜드 협업 기획전 소개,carousel,8385,5513,3460,220,3,0,44885,0
2026-08-06,instagram,C0055,시즌오프 세트 추천,image,23199,20312,13614,1163,21,4,131708,269121
2026-08-06,naver_blog,C0056,여름 클리어런스 단독 특가 총정리,blog_post,3313,2303,1031,257,10,2,0,126113
2026-08-06,youtube,C0057,신규 입고 쿠폰 후기,video,21420,14352,7054,347,5,0,89286,0
2026-08-06,kakao,C0058,리뷰 이벤트 단독 특가 모음,image,6761,5412,2234,368,11,2,52145,165737
2026-08-06,facebook,C0060,한정 수량 기획전 가이드,video,9007,6554,2622,165,2,0,46161,0
2026-08-07,instagram,C0001,가을 신상 단독 특가 모음,image,16060,12483,4507,569,10,2,113720,186226
2026-08-07,youtube,C0003,시즌오프 세트 후기,video,15945,12436,4764,360,3,0,60143,0
2026-08-07,kakao,C0004,베스트셀러 쿠폰 추천,image,4933,3546,1295,283,15,7,36948,351470
2026-08-07,google_ads,C0005,여름 클리어런스 쿠폰 안내,image,21795,15304,10577,883,29,13,225507,599335
2026-08-07,facebook,C0006,재입고 알림 기획전 소개,video,8898,7747,4070,175,2,0,38534,0
2026-08-07,youtube,C0009,한정 수량 세트 후기,reels,28872,20101,12884,499,5,0,126644,0
2026-08-07,kakao,C0010,베스트셀러 룩북 소개,image,7564,5111,2900,499,14,7,64159,561213
2026-08-07,google_ads,C0011,신규 입고 코디 가이드,image,11575,9654,6228,275,5,1,95056,50044
2026-08-07,facebook,C0012,한정 수량 세트 후기,video,12770,8230,5690,313,3,0,69947,0
2026-08-07,instagram,C0013,리뷰 이벤트 패키지 모음,carousel,7514,6555,2619,352,10,2,49427,92314
2026-08-07,naver_blog,C0014,한정 수량 세트 모음,blog_post,2111,1624,634,100,3,1,0,45000
2026-08-07,youtube,C0015,베스트셀러 패키지 가이드,video,19226,15706,7156,413,6,1,80239,63537
2026-08-07,instagram,C0019,베스트셀러 체험단 가이드,carousel,15709,11633,8372,890,21,5,100766,206499
2026-08-07,youtube,C0021,신규 입고 코디 모음,reels,12625,9985,7102,287,2,0,49709,0
2026-08-07,kakao,C0022,시즌오프 패키지 모음,image,3649,2677,980,173,8,4,30924,329077
2026-08-07,facebook,C0024,시즌오프 룩북 안내,carousel,5650,4575,1817,74,1,0,28591,0
2026-08-07,naver_blog,C0026,여름 클리어런스 세트 추천,blog_post,4227,3658,1333,249,6,3,0,187686
2026-08-07,youtube,C0027,신규 입고 룩북 가이드,reels,14644,9116,3412,272,4,0,69601,0
2026-08-07,google_ads,C0029,신규 입고 세트 모음,image,8006,6842,2398,165,3,0,61638,0
2026-08-07,facebook,C0030,신규 입고 기획전 소개,carousel,4567,3177,1951,133,1,0,19442,0
2026-08-07,instagram,C0031,여름 클리어런스 세트 모음,image,13320,10953,7883,533,8,3,74194,277565
2026-08-07,youtube,C0033,직원 추천 룩북 모음,reels,18225,14274,9328,208,3,1,82105,72008
2026-08-07,kakao,C0034,한정 수량 코디 안내,image,7843,6344,3957,495,18,7,62935,395577
2026-08-07,facebook,C0042,시즌오프 패키지 추천,video,11943,8205,3615,175,3,0,68178,0
2026-08-07,naver_blog,C0044,가을 신상 체험단 가이드,blog_post,3242,2219,874,154,6,3,0,133609
2026-08-07,google_ads,C0047,한정 수량 세트 후기,image,15504,11850,5767,439,12,5,158911,284987
2026-08-07,naver_blog,C0050,신규 입고 세트 가이드,blog_post,3215,2702,957,216,6,1,0,62708
2026-08-07,youtube,C0051,신규 입고 코디 후기,video,23008,17897,7921,576,10,3,94660,144464
2026-08-07,kakao,C0052,한정 수량 쿠폰 후기,carousel,7821,5129,3467,301,15,7,59345,315266
2026-08-07,google_ads,C0053,베스트셀러 단독 특가 안내,video,17198,13580,7332,645,21,10,138497,889875
2026-08-07,facebook,C0054,브랜드 협업 기획전 소개,carousel,7431,5574,2095,173,2,0,34116,0
2026-08-07,naver_blog,C0056,여름 클리어런스 단독 특가 총정리,blog_post,3177,2227,1563,189,9,1,0,56206
2026-08-07,youtube,C0057,신규 입고 쿠폰 후기,video,29207,25325,14032,454,7,1,138798,74558
2026-08-07,kakao,C0058,리뷰 이벤트 단독 특가 모음,image,8204,5824,2076,406,22,5,52885,327778
2026-08-07,facebook,C0060,한정 수량 기획전 가이드,video,5452,3984,1429,81,1,0,26918,0
2026-08-08,instagram,C0001,가을 신상 단독 특가 모음,image,14921,12143,5039,752,12,4,109358,253987
2026-08-08,youtube,C0003,시즌오프 세트 후기,video,10847,8572,3839,225,3,0,44592,0
2026-08-08,kakao,C0004,베스트셀러 쿠폰 추천,image,3423,2847,1935,228,11,3,27408,280156
2026-08-08,google_ads,C0005,여름 클리어런스 쿠폰 안내,image,12920,8495,4355,564,20,5,127624,206917
2026-08-08,facebook,C0006,재입고 알림 기획전 소개,video,5802,3607,1928,156,2,0,31028,0
2026-08-08,naver_blog,C0008,신규 입고 기획전 소개,blog_post,3546,2415,1344,184,6,2,0,98598
2026-08-08,youtube,C0009,한정 수량 세트 후기,reels,23599,15405,8007,415,5,1,99394,86601
2026-08-08,kakao,C0010,베스트셀러 룩북 소개,image,6362,4525,2753,366,11,2,54636,185203
2026-08-08,google_ads,C0011,신규 입고 코디 가이드,image,10224,8991,5982,239,8,2,95426,132063
2026-08-08,facebook,C0012,한정 수량 세트 후기,video,12235,9424,5526,286,3,0,53996,0
2026-08-08,instagram,C0013,리뷰 이벤트 패키지 모음,carousel,8098,6038,2786,276,5,2,57559,113835
2026-08-08,naver_blog,C0014,한정 수량 세트 모음,blog_post,2071,1681,823,72,1,0,0,0
2026-08-08,youtube,C0015,베스트셀러 패키지 가이드,video,14527,11795,5683,282,4,0,69614,0
2026-08-08,google_ads,C0017,한정 수량 기획전 추천,video,11747,8147,5318,515,9,3,105502,152268
2026-08-08,facebook,C0018,리뷰 이벤트 패키지 총정리,video,11122,8236,2890,269,3,0,58565,0
2026-08-08,instagram,C0019,베스트셀러 체험단 가이드,carousel,15859,13395,8684,841,20,4,112403,278104
2026-08-08,kakao,C0022,시즌오프 패키지 모음,image,4348,2716,1801,241,14,4,29293,353195
2026-08-08,google_ads,C0023,신규 입고 세트 후기,video,22734,15744,10183,660,23,4,198556,228410
2026-08-08,facebook,C0024,시즌오프 룩북 안내,carousel,4462,2771,1939,67,0,0,24801,0
2026-08-08,naver_blog,C0026,여름 클리어런스 세트 추천,blog_post,4877,3280,1223,359,8,2,0,171087
2026-08-08,google_ads,C0029,신규 입고 세트 모음,image,6898,4771,3326,143,5,1,54944,45881
2026-08-08,facebook,C0030,신규 입고 기획전 소개,carousel,4820,3727,1947,155,2,0,21243,0
2026-08-08,instagram,C0031,여름 클리어런스 세트 모음,image,9966,8581,5418,552,15,5,69661,214005
2026-08-08,naver_blog,C0032,베스트셀러 쿠폰 안내,blog_post,4351,3430,2273,325,14,4,,240224
2026-08-08,youtube,C0033,직원 추천 룩북 모음,reels,11331,8314,3597,153,2,0,53624,0
2026-08-08,kakao,C0034,한정 수량 코디 안내,image,6164,5163,2805,297,8,3,49842,237984
2026-08-08,instagram,C0037,리뷰 이벤트 세트 후기,reels,9945,6439,2319,298,4,1,73872,48504
2026-08-08,kakao,C0040,한정 수량 단독 특가 모음,image,8148,6297,4505,382,15,3,55572,175909
2026-08-08,facebook,C0042,시즌오프 패키지 추천,video,9644,7030,4706,200,2,0,48900,0
2026-08-08,naver_blog,C0044,가을 신상 체험단 가이드,blog_post,2700,1931,927,175,6,1,0,75823
2026-08-08,kakao,C0046,직원 추천 패키지 안내,image,9199,6026,4063,636,19,10,66730,420928
2026-08-08,facebook,C0048,브랜드 협업 패키지 모음,carousel,12774,9751,6468,174,3,0,69634,0
2026-08-08,naver_blog,C0050,신규 입고 세트 가이드,blog_post,2785,2043,1236,178,7,3,0,180171
2026-08-08,kakao,C0052,한정 수량 쿠폰 후기,carousel,7506,6089,4020,307,16,5,47925,455129
2026-08-08,google_ads,C0053,베스트셀러 단독 특가 안내,video,10873,9509,6688,416,14,6,87774,520016
2026-08-08,facebook,C0054,브랜드 협업 기획전 소개,carousel,6594,5151,3452,175,2,0,33003,0
2026-08-08,instagram,C0055,시즌오프 세트 추천,image,11937,10234,6378,604,18,7,73316,368023
2026-08-08,naver_blog,C0056,여름 클리어런스 단독 특가 총정리,blog_post,2879,1838,967,183,7,2,0,122694
2026-08-08,youtube,C0057,신규 입고 쿠폰 후기,video,18422,14619,10177,351,4,1,67936,57921
2026-08-08,kakao,C0058,리뷰 이벤트 단독 특가 모음,image,6480,4482,2395,271,15,6,53269,433118
2026-08-08,facebook,C0060,한정 수량 기획전 가이드,video,7077,4976,2195,117,2,0,31257,0
2026-08-09,instagram,C0001,가을 신상 단독 특가 모음,image,9765,7194,3829,463,7,2,68520,134752
2026-08-09,youtube,C0003,시즌오프 세트 후기,video,11474,7575,5045,249,4,1,47639,52489
2026-08-09,kakao,C0004,베스트셀러 쿠폰 추천,image,3030,2498,1276,190,11,5,22199,327208
2026-08-09,google_ads,C0005,여름 클리어런스 쿠폰 안내,image,13209,9705,3494,425,15,5,113946,421514
2026-08-09,facebook,C0006,재입고 알림 기획전 소개,video,5788,5085,3195,141,2,0,28824,0
2026-08-09,naver_blog,C0008,신규 입고 기획전 소개,blog_post,3431,2141,896,179,7,3,0,203037
2026-08-09,youtube,C0009,한정 수량 세트 후기,reels,16280,10304,5751,226,4,0,68951,0
2026-08-09,facebook,C0012,한정 수량 세트 후기,video,10530,7350,2696,252,3,0,55061,0
2026-08-09,instagram,C0013,리뷰 이벤트 패키지 모음,carousel,6378,4747,1780,288,5,1,44275,93179
2026-08-09,naver_blog,C0014,한정 수량 세트 모음,blog_post,1910,1252,717,68,2,0,0,0
2026-08-09,youtube,C0015,베스트셀러 패키지 가이드,video,14585,11590,4186,272,5,1,59297,77368
2026-08-09,google_ads,C0017,한정 수량 기획전 추천,video,13392,11019,7026,479,11,2,121425,171766
2026-08-09,facebook,C0018,리뷰 이벤트 패키지 총정리,video,9978,7685,4800,267,3,0,48828,0
2026-08-09,instagram,C0019,베스트셀러 체험단 가이드,carousel,11041,7396,4384,499,11,4,71770,354003
2026-08-09,youtube,C0021,신규 입고 코디 모음,reels,9078,6229,3185,144,2,0,41915,0
2026-08-09,kakao,C0022,시즌오프 패키지 모음,image,2794,1863,796,132,7,2,19108,86559
2026-08-09,google_ads,C0023,신규 입고 세트 후기,video,23780,15653,6076,873,31,14,223731,937373
2026-08-09,facebook,C0024,시즌오프 룩북 안내,carousel,5015,3248,1334,83,1,0,24111,0
2026-08-09,naver_blog,C0026,여름 클리어런스 세트 추천,blog_post,4229,3066,1700,235,6,1,0,63365
2026-08-09,youtube,C0027,신규 입고 룩북 가이드,reels,11811,7873,2841,221,3,1,50627,70227
2026-08-09,google_ads,C0029,신규 입고 세트 모음,image,9933,6845,4114,211,7,1,90640,87759
2026-08-09,facebook,C0030,신규 입고 기획전 소개,carousel,4718,3856,2664,161,1,0,23205,0
2026-08-09,instagram,C0031,여름 클리어런스 세트 모음,image,11637,9288,6485,503,9,1,83245,50094
2026-08-09,youtube,C0033,직원 추천 룩북 모음,reels,10569,6863,4454,122,1,0,50767,0
2026-08-09,instagram,C0037,리뷰 이벤트 세트 후기,reels,6465,4954,3092,199,4,0,46825,0
2026-08-09,youtube,C0039,여름 클리어런스 세트 총정리,video,26673,23379,10994,705,8,2,99498,157078
2026-08-09,facebook,C0042,시즌오프 패키지 추천,video,9330,5995,4083,141,2,0,40320,0
2026-08-09,kakao,C0046,직원 추천 패키지 안내,image,7127,4651,2368,402,15,5,48187,437328
2026-08-09,google_ads,C0047,한정 수량 세트 후기,image,9803,8568,4863,278,9,3,75612,239259
2026-08-09,facebook,C0048,브랜드 협업 패키지 모음,carousel,10660,7444,2613,176,4,1,58840,41193
2026-08-09,naver_blog,C0050,신규 입고 세트 가이드,blog_post,2091,1685,654,176,7,2,0,98249
2026-08-09,kakao,C0052,한정 수량 쿠폰 후기,carousel,9297,7896,3459,267,9,4,59992,209537
2026-08-09,facebook,C0054,브랜드 협업 기획전 소개,carousel,4693,3161,1114,105,1,0,25644,0
2026-08-09,naver_blog,C0056,여름 클리어런스 단독 특가 총정리,blog_post,2623,2290,897,203,5,1,0,58070
2026-08-09,kakao,C0058,리뷰 이벤트 단독 특가 모음,image,4786,3594,1995,227,11,3,32595,248001
2026-08-09,facebook,C0060,한정 수량 기획전 가이드,video,4416,3713,1840,68,1,0,22327,0
2026-08-10,instagram,C0001,가을 신상 단독 특가 모음,image,32474,24679,14528,1165,35,14,227080,629658
2026-08-10,kakao,C0004,베스트셀러 쿠폰 추천,image,6093,4967,2460,405,18,8,51885,371877
2026-08-10,google_ads,C0005,여름 클리어런스 쿠폰 안내,image,33115,22236,11740,1117,28,6,334372,366697
2026-08-10,facebook,C0006,재입고 알림 기획전 소개,video,10087,7934,4439,287,4,1,44349,47284
2026-08-10,naver_blog,C0008,신규 입고 기획전 소개,blog_post,4562,3100,1637,218,7,3,0,261070
2026-08-10,youtube,C0009,한정 수량 세트 후기,reels,30615,23030,15881,410,4,1,136345,88969
2026-08-10,kakao,C0010,베스트셀러 룩북 소개,image,8842,7244,2606,545,16,8,66972,438175
2026-08-10,facebook,C0012,한정 수량 세트 후기,video,12880,10347,3861,344,7,1,60879,54899
2026-08-10,instagram,C0013,리뷰 이벤트 패키지 모음,carousel,14295,11025,4287,509,15,4,91290,361811
2026-08-10,naver_blog,C0014,한정 수량 세트 모음,blog_post,2382,1765,1253,91,3,1,0,48432
2026-08-10,youtube,C0015,베스트셀러 패키지 가이드,video,24637,16904,10906,472,9,2,106290,160954
2026-08-10,facebook,C0018,리뷰 이벤트 패키지 총정리,video,15056,11263,5739,360,7,1,68707,52896
2026-08-10,instagram,C0019,베스트셀러 체험단 가이드,carousel,35680,27299,13133,1639,43,7,220808,555818
2026-08-10,youtube,C0021,신규 입고 코디 모음,reels,17710,12246,8288,316,4,1,79631,69172
2026-08-10,kakao,C0022,시즌오프 패키지 모음,image,5050,4408,2065,242,12,3,41153,122968
2026-08-10,google_ads,C0023,신규 입고 세트 후기,video,43095,28123,15925,1242,29,7,420451,616834
2026-08-10,facebook,C0024,시즌오프 룩북 안내,carousel,4681,3614,1490,60,0,0,25195,0
2026-08-10,naver_blog,C0026,여름 클리어런스 세트 추천,blog_post,4889,4042,2811,321,13,7,0,452180
2026-08-10,youtube,C0027,신규 입고 룩북 가이드,reels,16523,14028,8263,296,6,1,64101,55043
2026-08-10,google_ads,C0029,신규 입고 세트 모음,image,19382,15010,9630,473,14,4,191784,257544
2026-08-10,facebook,C0030,신규 입고 기획전 소개,carousel,5480,3771,2479,156,3,0,26259,0
2026-08-10,instagram,C0031,여름 클리어런스 세트 모음,image,17814,14916,8791,678,12,2,124034,89284
2026-08-10,naver_blog,C0032,베스트셀러 쿠폰 안내,blog_post,6855,4607,2667,414,12,4,0,179105
2026-08-10,youtube,C0033,직원 추천 룩북 모음,reels,13463,8510,6017,211,2,0,48695,0
2026-08-10,kakao,C0034,한정 수량 코디 안내,image,7246,6232,3906,494,13,8,60382,492005
2026-08-10,instagram,C0037,리뷰 이벤트 세트 후기,reels,17744,15335,5425,509,9,1,107425,44957
2026-08-10,youtube,C0039,여름 클리어런스 세트 총정리,video,39751,33506,20074,859,16,2,162464,81367
2026-08-10,facebook,C0042,시즌오프 패키지 추천,video,11887,7657,3913,182,2,0,56741,0
2026-08-10,kakao,C0046,직원 추천 패키지 안내,image,13013,8733,3633,750,41,17,96912,1072908
2026-08-10,facebook,C0048,브랜드 협업 패키지 모음,carousel,17920,12081,5350,248,4,0,83617,0
2026-08-10,naver_blog,C0050,신규 입고 세트 가이드,blog_post,3169,2234,1063,227,7,3,0,257922
2026-08-10,youtube,C0051,신규 입고 코디 후기,video,17576,12267,5122,491,6,1,69559,82432
2026-08-10,kakao,C0052,한정 수량 쿠폰 후기,carousel,11072,7495,3580,436,22,9,80267,486486
2026-08-10,google_ads,C0053,베스트셀러 단독 특가 안내,video,31378,20804,14010,1257,31,7,311382,332673
2026-08-10,facebook,C0054,브랜드 협업 기획전 소개,carousel,6234,4980,2061,162,3,0,32599,0
2026-08-10,naver_blog,C0056,여름 클리어런스 단독 특가 총정리,blog_post,3815,2862,1358,296,10,5,0,247954
2026-08-10,youtube,C0057,신규 입고 쿠폰 후기,video,25882,20016,7124,482,7,1,109801,54401
2026-08-10,kakao,C0058,리뷰 이벤트 단독 특가 모음,image,6613,5555,3249,336,11,4,56385,274961
2026-08-10,facebook,C0060,한정 수량 기획전 가이드,video,7582,5481,2679,137,2,0,41960,0
2026-08-11,youtube,C0003,시즌오프 세트 후기,video,17690,13117,7888,347,4,1,81188,93057
2026-08-11,kakao,C0004,베스트셀러 쿠폰 추천,image,5935,5041,1926,322,13,6,38283,259737
2026-08-11,google_ads,C0005,여름 클리어런스 쿠폰 안내,image,41365,27441,18164,1215,34,9,394343,681656
2026-08-11,facebook,C0006,재입고 알림 기획전 소개,video,8263,5746,2513,196,4,0,46265,0
2026-08-11,naver_blog,C0008,신규 입고 기획전 소개,blog_post,5205,3588,1819,279,7,2,0,150907
2026-08-11,youtube,C0009,한정 수량 세트 후기,reels,27666,22194,15057,349,7,1,105161,62567
2026-08-11,facebook,C0012,한정 수량 세트 후기,video,17831,13903,8832,434,8,1,81613,81796
2026-08-11,instagram,C0013,리뷰 이벤트 패키지 모음,carousel,20701,13085,6858,727,16,4,147199,313202
2026-08-11,naver_blog,C0014,한정 수량 세트 모음,blog_post,3539,2657,1403,137,5,1,0,94684
2026-08-11,youtube,C0015,베스트셀러 패키지 가이드,video,24911,17405,6980,581,10,1,109268,70856
2026-08-11,google_ads,C0017,한정 수량 기획전 추천,video,33181,25274,12600,1432,25,7,270571,303559
2026-08-11,facebook,C0018,리뷰 이벤트 패키지 총정리,video,17157,13215,9329,451,4,0,93752,0
2026-08-11,instagram,C0019,베스트셀러 체험단 가이드,carousel,39811,29951,17306,2073,52,17,232356,792198
2026-08-11,youtube,C0021,신규 입고 코디 모음,reels,16309,14206,9016,346,4,0,73379,0
2026-08-11,google_ads,C0023,신규 입고 세트 후기,video,54240,37971,16976,1734,40,7,520080,507672
2026-08-11,facebook,C0024,시즌오프 룩북 안내,carousel,6596,5757,2200,109,2,0,37823,0
2026-08-11,naver_blog,C0026,여름 클리어런스 세트 추천,blog_post,4124,2859,1820,294,9,1,0,60920
2026-08-11,youtube,C0027,신규 입고 룩북 가이드,reels,17439,12803,4490,338,5,0,84215,0
2026-08-11,google_ads,C0029,신규 입고 세트 모음,image,23196,18859,8540,606,21,8,226476,625244
2026-08-11,facebook,C0030,신규 입고 기획전 소개,carousel,4677,3780,1479,140,3,0,24325,0
2026-08-11,naver_blog,C0032,베스트셀러 쿠폰 안내,blog_post,6490,4215,2852,465,21,10,0,906626
2026-08-11,youtube,C0033,직원 추천 룩북 모음,reels,16118,13230,9138,229,4,1,59433,40080
2026-08-11,instagram,C0037,리뷰 이벤트 세트 후기,reels,14545,9223,5272,350,9,1,105315,51197
2026-08-11,youtube,C0039,여름 클리어런스 세트 총정리,video,38622,29143,19885,1120,10,1,145190,49108
2026-08-11,facebook,C0042,시즌오프 패키지 추천,video,14752,12101,7964,300,4,1,77311,41058
2026-08-11,naver_blog,C0044,가을 신상 체험단 가이드,blog_post,3387,2610,1240,197,7,2,0,110317
2026-08-11,kakao,C0046,직원 추천 패키지 안내,image,10656,8247,3229,646,35,19,72043,1253499
2026-08-11,google_ads,C0047,한정 수량 세트 후기,image,19768,12426,4962,500,15,5,185149,421227
2026-08-11,naver_blog,C0050,신규 입고 세트 가이드,blog_post,4513,3833,1739,285,12,4,0,303211
2026-08-11,youtube,C0051,신규 입고 코디 후기,video,21644,18041,9548,421,4,1,85320,76405
2026-08-11,kakao,C0052,한정 수량 쿠폰 후기,carousel,10259,8114,3962,349,9,2,86776,185250
2026-08-11,google_ads,C0053,베스트셀러 단독 특가 안내,video,22598,15083,10354,839,21,9,215842,483713
2026-08-11,facebook,C0054,브랜드 협업 기획전 소개,carousel,9406,5833,4023,223,3,0,50766,0
2026-08-11,instagram,C0055,시즌오프 세트 추천,image,27003,19233,11701,1275,30,5,177246,320894
2026-08-11,naver_blog,C0056,여름 클리어런스 단독 특가 총정리,blog_post,5210,4150,2943,402,17,4,0,352979
2026-08-11,youtube,C0057,신규 입고 쿠폰 후기,video,27075,21832,11290,450,6,1,120957,62611
2026-08-12,instagram,C0001,가을 신상 단독 특가 모음,image,22449,16271,8485,1053,34,9,149652,424027
2026-08-12,youtube,C0003,시즌오프 세트 후기,video,18749,13986,9611,445,8,1,68126,54111
2026-08-12,kakao,C0004,베스트셀러 쿠폰 추천,image,5090,3375,1694,305,7,2,33281,129907
2026-08-12,facebook,C0006,재입고 알림 기획전 소개,video,7215,6147,3008,211,4,1,37777,48487
2026-08-12,youtube,C0009,한정 수량 세트 후기,reels,34950,26650,11450,573,10,3,142378,204936
2026-08-12,kakao,C0010,베스트셀러 룩북 소개,image,8937,5976,4117,521,18,5,67534,213435
2026-08-12,facebook,C0012,한정 수량 세트 후기,video,18417,15311,5900,402,6,0,99390,0
2026-08-12,instagram,C0013,리뷰 이벤트 패키지 모음,carousel,21926,15888,5733,1011,20,3,162994,235235
2026-08-12,youtube,C0015,베스트셀러 패키지 가이드,video,23844,19414,7278,549,9,2,110747,175778
2026-08-12,google_ads,C0017,한정 수량 기획전 추천,video,29679,20081,7906,1036,36,12,239249,899474
2026-08-12,facebook,C0018,리뷰 이벤트 패키지 총정리,video,12146,9398,5167,291,6,1,54531,83224
2026-08-12,youtube,C0021,신규 입고 코디 모음,reels,17505,12352,8754,355,3,0,69922,0
2026-08-12,kakao,C0022,시즌오프 패키지 모음,image,5170,3856,1958,266,13,6,35995,538895
2026-08-12,google_ads,C0023,신규 입고 세트 후기,video,55367,42509,30241,2043,76,39,428633,3678696
2026-08-12,facebook,C0024,시즌오프 룩북 안내,carousel,6083,5162,1969,97,1,0,29945,0
2026-08-12,naver_blog,C0026,여름 클리어런스 세트 추천,blog_post,4264,3227,1812,347,8,3,0,271033
2026-08-12,youtube,C0027,신규 입고 룩북 가이드,reels,17337,10779,4761,438,6,0,65461,0
2026-08-12,google_ads,C0029,신규 입고 세트 모음,image,14840,9949,5913,322,8,1,133407,67272
2026-08-12,facebook,C0030,신규 입고 기획전 소개,carousel,4585,4023,1928,124,1,0,24047,0
2026-08-12,naver_blog,C0032,베스트셀러 쿠폰 안내,blog_post,6783,5302,3495,499,11,2,0,133270
2026-08-12,youtube,C0033,직원 추천 룩북 모음,reels,16231,10839,4972,260,3,0,69191,0
2026-08-12,kakao,C0034,한정 수량 코디 안내,image,6817,4990,2566,486,19,5,46917,471272
2026-08-12,kakao,C0040,한정 수량 단독 특가 모음,image,9171,6452,4114,499,25,11,78634,856277
2026-08-12,kakao,C0046,직원 추천 패키지 안내,image,11939,10385,4274,707,26,8,86413,747504
2026-08-12,google_ads,C0047,한정 수량 세트 후기,image,29623,22666,10902,743,18,7,284916,590987
2026-08-12,facebook,C0048,브랜드 협업 패키지 모음,carousel,17911,12318,7585,283,5,0,94025,0
2026-08-12,youtube,C0051,신규 입고 코디 후기,video,20928,15547,5732,408,4,1,75045,57131
2026-08-12,google_ads,C0053,베스트셀러 단독 특가 안내,video,22530,14076,8890,847,29,10,183195,842349
2026-08-12,facebook,C0054,브랜드 협업 기획전 소개,carousel,6978,5020,3185,199,4,0,35033,0
2026-08-12,naver_blog,C0056,여름 클리어런스 단독 특가 총정리,blog_post,3978,3447,2007,288,6,2,0,139453
2026-08-12,youtube,C0057,신규 입고 쿠폰 후기,video,30243,21407,15181,480,8,2,115842,102409
2026-08-12,kakao,C0058,리뷰 이벤트 단독 특가 모음,image,8216,5376,1991,334,19,6,68090,406035
2026-08-12,facebook,C0060,한정 수량 기획전 가이드,video,6076,4981,2539,88,1,0,30224,0
2026-08-13,youtube,C0003,시즌오프 세트 후기,video,13451,10716,4216,298,3,0,61957,0
2026-08-13,kakao,C0004,베스트셀러 쿠폰 추천,image,6435,5438,2061,324,17,4,46666,182057
2026-08-13,google_ads,C0005,여름 클리어런스 쿠폰 안내,image,28612,20257,7442,904,23,5,228098,363349
2026-08-13,facebook,C0006,재입고 알림 기획전 소개,video,7432,5486,3307,218,2,0,38281,0
2026-08-13,naver_blog,C0008,신규 입고 기획전 소개,blog_post,4238,3153,1421,246,7,3,0,278165
2026-08-13,youtube,C0009,한정 수량 세트 후기,reels,32813,26935,18581,566,5,1,129102,81024
2026-08-13,kakao,C0010,베스트셀러 룩북 소개,image,9135,7395,4165,530,27,14,78744,661848
2026-08-13,google_ads,C0011,신규 입고 코디 가이드,image,19258,15460,8707,540,13,6,154492,366841
2026-08-13,facebook,C0012,한정 수량 세트 후기,video,13327,8712,4616,338,5,0,64401,0
2026-08-13,instagram,C0013,리뷰 이벤트 패키지 모음,carousel,15505,12888,6386,504,11,3,85917,127262
2026-08-13,naver_blog,C0014,한정 수량 세트 모음,blog_post,3369,2165,1265,123,2,0,0,0
2026-08-13,google_ads,C0017,한정 수량 기획전 추천,video,28951,25389,9437,1257,39,8,232047,587656
2026-08-13,facebook,C0018,리뷰 이벤트 패키지 총정리,video,15670,12841,6680,337,5,1,72033,46166
2026-08-13,instagram,C0019,베스트셀러 체험단 가이드,carousel,27977,20200,7440,1481,33,6,207328,355109
2026-08-13,youtube,C0021,신규 입고 코디 모음,reels,13938,9711,4554,300,6,1,52165,57546
2026-08-13,kakao,C0022,시즌오프 패키지 모음,image,5918,4102,1868,271,11,2,37944,141716
2026-08-13,google_ads,C0023,신규 입고 세트 후기,video,46217,32834,15748,1358,49,23,448658,1423643
2026-08-13,facebook,C0024,시즌오프 룩북 안내,carousel,6811,5280,3187,88,1,0,32163,0
2026-08-13,naver_blog,C0026,여름 클리어런스 세트 추천,blog_post,3876,3380,1693,297,13,3,0,189804
2026-08-13,youtube,C0027,신규 입고 룩북 가이드,reels,16783,11078,5605,421,3,0,76827,0
2026-08-13,google_ads,C0029,신규 입고 세트 모음,image,18198,11411,5574,375,6,1,172596,74914
2026-08-13,facebook,C0030,신규 입고 기획전 소개,carousel,5600,3608,1827,159,2,0,24883,0
2026-08-13,instagram,C0031,여름 클리어런스 세트 모음,image,17397,11895,5599,801,15,5,128978,401278
2026-08-13,naver_blog,C0032,베스트셀러 쿠폰 안내,blog_post,5685,4724,2867,481,16,3,0,239242
2026-08-13,kakao,C0034,한정 수량 코디 안내,image,7938,6004,3380,459,26,15,65743,933807
2026-08-13,instagram,C0037,리뷰 이벤트 세트 후기,reels,15572,13238,7345,381,7,2,94047,153760
2026-08-13,youtube,C0039,여름 클리어런스 세트 총정리,video,36610,22764,13750,735,8,1,165113,66304
2026-08-13,kakao,C0040,한정 수량 단독 특가 모음,image,9992,7603,3348,418,19,8,67384,585526
2026-08-13,facebook,C0042,시즌오프 패키지 추천,video,11281,7550,4925,217,3,0,61246,0
2026-08-13,naver_blog,C0044,가을 신상 체험단 가이드,blog_post,3291,2776,1268,152,6,3,0,173156
2026-08-13,kakao,C0046,직원 추천 패키지 안내,image,12743,10868,5654,778,35,10,85977,660368
2026-08-13,google_ads,C0047,한정 수량 세트 후기,image,29973,19825,12226,1078,33,6,248578,300179
2026-08-13,facebook,C0048,브랜드 협업 패키지 모음,carousel,12926,11346,4245,204,2,0,64945,0
2026-08-13,naver_blog,C0050,신규 입고 세트 가이드,blog_post,3359,2341,1390,249,8,4,0,162000
2026-08-13,youtube,C0051,신규 입고 코디 후기,video,18411,11817,7820,480,5,1,86949,64341
2026-08-13,kakao,C0052,한정 수량 쿠폰 후기,carousel,11798,9223,3916,494,14,2,97307,166746
2026-08-13,facebook,C0054,브랜드 협업 기획전 소개,carousel,6501,5337,2721,176,3,0,32434,0
2026-08-13,instagram,C0055,시즌오프 세트 추천,image,28419,24559,12359,1508,41,7,179094,637503
2026-08-13,naver_blog,C0056,여름 클리어런스 단독 특가 총정리,blog_post,3080,2552,896,212,4,1,0,41900
2026-08-13,youtube,C0057,신규 입고 쿠폰 후기,video,27657,19335,11275,384,7,1,126303,56363
2026-08-13,kakao,C0058,리뷰 이벤트 단독 특가 모음,image,8536,5892,3534,454,18,9,64141,571873
2026-08-13,facebook,C0060,한정 수량 기획전 가이드,video,7043,6062,4009,122,1,0,32522,0
2026-08-14,instagram,C0001,가을 신상 단독 특가 모음,image,30143,23879,11510,1451,43,12,222685,653165
2026-08-14,youtube,C0003,시즌오프 세트 후기,video,12771,9822,4408,272,4,0,54003,0
2026-08-14,kakao,C0004,베스트셀러 쿠폰 추천,image,5046,4138,2488,317,16,8,41729,583189
2026-08-14,google_ads,C0005,여름 클리어런스 쿠폰 안내,image,31497,25310,12859,1192,36,10,267619,876726
2026-08-14,facebook,C0006,재입고 알림 기획전 소개,video,8870,5978,3913,242,3,0,39450,0
2026-08-14,naver_blog,C0008,신규 입고 기획전 소개,blog_post,5475,4665,1807,246,10,4,0,365603
2026-08-14,youtube,C0009,한정 수량 세트 후기,reels,27607,23649,11160,376,7,1,99123,78489
2026-08-14,kakao,C0010,베스트셀러 룩북 소개,image,8007,6507,4655,552,16,4,61702,276831
2026-08-14,instagram,C0013,리뷰 이벤트 패키지 모음,carousel,18354,15813,6480,701,16,5,119003,432992
2026-08-14,naver_blog,C0014,한정 수량 세트 모음,blog_post,2664,2281,907,105,4,1,0,43179
2026-08-14,google_ads,C0017,한정 수량 기획전 추천,video,24330,15397,9362,1151,24,10,223931,603542
2026-08-14,facebook,C0018,리뷰 이벤트 패키지 총정리,video,14989,11533,6325,390,5,0,78979,0
2026-08-14,instagram,C0019,베스트셀러 체험단 가이드,carousel,33782,26421,14793,1841,33,12,202550,482446
2026-08-14,youtube,C0021,신규 입고 코디 모음,reels,15752,10397,5158,255,4,0,73701,0
2026-08-14,kakao,C0022,시즌오프 패키지 모음,image,4217,2759,1066,193,10,5,33376,311746
2026-08-14,google_ads,C0023,신규 입고 세트 후기,video,41073,35362,24767,1268,42,12,368939,545918
2026-08-14,naver_blog,C0026,여름 클리어런스 세트 추천,blog_post,4611,2865,1058,318,9,4,0,251283
2026-08-14,youtube,C0027,신규 입고 룩북 가이드,reels,14439,10293,5181,292,3,0,67771,0
2026-08-14,facebook,C0030,신규 입고 기획전 소개,carousel,5928,4582,2404,165,2,0,26987,0
2026-08-14,instagram,C0031,여름 클리어런스 세트 모음,image,24814,21824,7775,1299,39,16,179061,1282566
2026-08-14,naver_blog,C0032,베스트셀러 쿠폰 안내,blog_post,8151,5918,2171,606,26,7,0,632778
2026-08-14,youtube,C0033,직원 추천 룩북 모음,reels,13537,11199,5298,148,2,0,48845,0
2026-08-14,kakao,C0034,한정 수량 코디 안내,image,8186,6664,2856,526,13,6,63936,511811
2026-08-14,instagram,C0037,리뷰 이벤트 세트 후기,reels,15730,13206,8635,452,10,4,97234,193628
2026-08-14,youtube,C0039,여름 클리어런스 세트 총정리,video,28481,20540,9243,561,7,0,109021,0
2026-08-14,kakao,C0040,한정 수량 단독 특가 모음,image,7832,6263,2885,410,23,10,58709,751537
2026-08-14,facebook,C0042,시즌오프 패키지 추천,video,10563,6600,3132,214,4,0,55316,0
2026-08-14,naver_blog,C0044,가을 신상 체험단 가이드,blog_post,2476,1932,869,148,6,1,0,52829
2026-08-14,google_ads,C0047,한정 수량 세트 후기,image,25961,18337,8320,925,15,3,220483,126743
2026-08-14,naver_blog,C0050,신규 입고 세트 가이드,blog_post,4100,3250,1704,296,10,4,0,370246
2026-08-14,youtube,C0051,신규 입고 코디 후기,video,18959,13851,6217,535,8,1,67771,68709
2026-08-14,kakao,C0052,한정 수량 쿠폰 후기,carousel,11738,8254,4847,477,23,12,82131,856564
2026-08-14,google_ads,C0053,베스트셀러 단독 특가 안내,video,24403,16524,11720,856,28,8,222831,635229
2026-08-14,facebook,C0054,브랜드 협업 기획전 소개,carousel,6095,4444,2345,184,2,0,29958,0
2026-08-14,instagram,C0055,시즌오프 세트 추천,image,29019,19363,11006,1501,40,15,181353,1409923
2026-08-14,naver_blog,C0056,여름 클리어런스 단독 특가 총정리,blog_post,4493,3678,1925,302,8,1,0,60981
2026-08-14,youtube,C0057,신규 입고 쿠폰 후기,video,23303,18221,10380,314,4,0,87112,0
2026-08-14,kakao,C0058,리뷰 이벤트 단독 특가 모음,image,5703,4238,2189,265,11,6,47698,315239
2026-08-14,facebook,C0060,한정 수량 기획전 가이드,video,7267,4573,2975,143,2,0,40400,0
2026-08-15,instagram,C0001,가을 신상 단독 특가 모음,image,22846,16825,10066,986,29,13,152104,1022835
2026-08-15,youtube,C0003,시즌오프 세트 후기,video,15292,11153,5199,276,4,1,71519,69955
2026-08-15,kakao,C0004,베스트셀러 쿠폰 추천,image,3056,2254,964,176,6,1,22879,43194
2026-08-15,google_ads,C0005,여름 클리어런스 쿠폰 안내,image,23037,20198,12764,884,18,8,189301,435972
2026-08-15,facebook,C0006,재입고 알림 기획전 소개,video,6050,4577,3060,176,3,0,27082,0
2026-08-15,naver_blog,C0008,신규 입고 기획전 소개,blog_post,4691,3128,2177,280,10,4,0,233422
2026-08-15,google_ads,C0011,신규 입고 코디 가이드,image,13939,10697,6867,337,8,3,135327,204272
2026-08-15,facebook,C0012,한정 수량 세트 후기,video,13061,10301,5467,378,5,1,74429,42015
2026-08-15,instagram,C0013,리뷰 이벤트 패키지 모음,carousel,12660,8283,4373,432,10,2,84923,105406
2026-08-15,naver_blog,C0014,한정 수량 세트 모음,blog_post,2381,1886,1252,102,3,1,0,42542
2026-08-15,youtube,C0015,베스트셀러 패키지 가이드,video,16500,12204,7044,390,7,2,79623,101010
2026-08-15,google_ads,C0017,한정 수량 기획전 추천,video,20591,17051,8758,894,30,14,194114,1237486
2026-08-15,facebook,C0018,리뷰 이벤트 패키지 총정리,video,10016,7856,4730,251,4,1,47938,75403
2026-08-15,instagram,C0019,베스트셀러 체험단 가이드,carousel,26864,21373,13325,1317,36,8,150765,481763
2026-08-15,youtube,C0021,신규 입고 코디 모음,reels,9141,7977,3710,161,2,0,43226,0
2026-08-15,kakao,C0022,시즌오프 패키지 모음,image,3036,2061,1215,139,3,1,26120,46260
2026-08-15,google_ads,C0023,신규 입고 세트 후기,video,31940,27562,15090,880,15,5,320087,323841
2026-08-15,facebook,C0024,시즌오프 룩북 안내,carousel,3418,2903,1265,61,1,0,16357,0
2026-08-15,naver_blog,C0026,여름 클리어런스 세트 추천,blog_post,3457,3020,1698,216,10,5,0,425335
2026-08-15,facebook,C0030,신규 입고 기획전 소개,carousel,3359,2272,908,94,1,0,17610,0
2026-08-15,naver_blog,C0032,베스트셀러 쿠폰 안내,blog_post,6655,4759,2909,407,18,7,0,535080
2026-08-15,youtube,C0033,직원 추천 룩북 모음,reels,16351,13428,5735,178,2,0,69894,0
2026-08-15,instagram,C0037,리뷰 이벤트 세트 후기,reels,13941,12253,5316,338,5,2,97042,87586
2026-08-15,youtube,C0039,여름 클리어런스 세트 총정리,video,30621,23264,13161,839,7,1,117315,56040
2026-08-15,kakao,C0040,한정 수량 단독 특가 모음,image,6750,4631,1923,298,14,6,51304,454599
2026-08-15,naver_blog,C0044,가을 신상 체험단 가이드,blog_post,2730,2347,1350,150,5,1,0,92156
2026-08-15,kakao,C0046,직원 추천 패키지 안내,image,8662,6281,3480,534,30,17,57147,1416532
2026-08-15,google_ads,C0047,한정 수량 세트 후기,image,16706,12440,7571,431,12,5,136975,333884
2026-08-15,naver_blog,C0050,신규 입고 세트 가이드,blog_post,2289,2012,1144,177,4,1,0,76544
2026-08-15,kakao,C0052,한정 수량 쿠폰 후기,carousel,6298,4152,2930,235,13,6,48299,453117
2026-08-15,google_ads,C0053,베스트셀러 단독 특가 안내,video,21645,14075,9564,755,20,4,209196,377788
2026-08-15,facebook,C0054,브랜드 협업 기획전 소개,carousel,7368,4571,3286,209,4,0,40280,0
2026-08-15,naver_blog,C0056,여름 클리어런스 단독 특가 총정리,blog_post,3620,2364,1422,290,8,3,0,126536
2026-08-15,youtube,C0057,신규 입고 쿠폰 후기,video,20456,14934,6446,330,4,1,75445,87533
2026-08-15,kakao,C0058,리뷰 이벤트 단독 특가 모음,image,4974,3905,1765,222,7,1,33546,53492
2026-08-16,instagram,C0001,가을 신상 단독 특가 모음,image,17881,12924,6247,871,14,5,127159,230262
2026-08-16,youtube,C0003,시즌오프 세트 후기,video,12258,8008,3449,258,4,0,57732,0
2026-08-16,kakao,C0004,베스트셀러 쿠폰 추천,image,3870,2736,1547,191,5,2,27942,176887
2026-08-16,google_ads,C0005,여름 클리어런스 쿠폰 안내,image,20458,12923,5557,854,29,13,174365,1215553
2026-08-16,facebook,C0006,재입고 알림 기획전 소개,video,5361,3412,2105,116,2,0,29052,0
2026-08-16,kakao,C0010,베스트셀러 룩북 소개,image,6376,4750,1979,444,14,2,47372,106532
2026-08-16,google_ads,C0011,신규 입고 코디 가이드,image,13629,9729,4765,358,6,2,115022,171240
2026-08-16,facebook,C0012,한정 수량 세트 후기,video,8318,5721,3656,202,3,0,39304,0
2026-08-16,instagram,C0013,리뷰 이벤트 패키지 모음,carousel,14198,8832,3136,525,10,3,90499,135635
2026-08-16,naver_blog,C0014,한정 수량 세트 모음,blog_post,2190,1815,972,72,2,0,0,0
2026-08-16,youtube,C0015,베스트셀러 패키지 가이드,video,13053,8378,3217,222,2,0,53384,0
2026-08-16,google_ads,C0017,한정 수량 기획전 추천,video,23883,14899,9616,786,21,4,225998,298789
2026-08-16,facebook,C0018,리뷰 이벤트 패키지 총정리,video,9103,6426,3328,169,3,0,38719,0
2026-08-16,youtube,C0021,신규 입고 코디 모음,reels,10646,7276,4723,168,3,0,47973,0
2026-08-16,kakao,C0022,시즌오프 패키지 모음,image,2601,1737,642,151,5,1,20367,91830
2026-08-16,facebook,C0024,시즌오프 룩북 안내,carousel,3710,3101,1278,61,0,0,15919,0
2026-08-16,naver_blog,C0026,여름 클리어런스 세트 추천,blog_post,2781,1952,868,208,7,1,0,94070
2026-08-16,google_ads,C0029,신규 입고 세트 모음,image,14360,9428,3773,287,5,2,118853,187504
2026-08-16,facebook,C0030,신규 입고 기획전 소개,carousel,4285,2709,1326,138,1,0,22157,0
2026-08-16,instagram,C0031,여름 클리어런스 세트 모음,image,12283,10036,4463,534,9,1,73320,49587
2026-08-16,naver_blog,C0032,베스트셀러 쿠폰 안내,blog_post,4721,4121,2656,288,11,3,0,257346
2026-08-16,youtube,C0033,직원 추천 룩북 모음,reels,9970,6970,3730,122,2,0,40971,0
2026-08-16,kakao,C0034,한정 수량 코디 안내,image,4612,3473,1767,252,12,6,35454,357681
2026-08-16,instagram,C0037,리뷰 이벤트 세트 후기,reels,11735,9320,5417,375,7,2,77425,148759
2026-08-16,youtube,C0039,여름 클리어런스 세트 총정리,video,24895,16936,8463,676,8,1,100909,92789
2026-08-16,kakao,C0040,한정 수량 단독 특가 모음,image,5793,4867,2185,334,12,3,47195,263935
2026-08-16,facebook,C0042,시즌오프 패키지 추천,video,9689,7056,3253,157,3,0,44800,0
2026-08-16,naver_blog,C0044,가을 신상 체험단 가이드,blog_post,2472,1634,1102,155,7,3,0,184978
2026-08-16,kakao,C0046,직원 추천 패키지 안내,image,6790,5200,3164,427,16,8,56741,573698
2026-08-16,youtube,C0051,신규 입고 코디 후기,video,11804,7940,5454,315,4,1,44382,45679
2026-08-16,kakao,C0052,한정 수량 쿠폰 후기,carousel,6300,4655,2739,261,14,7,47916,366473
2026-08-16,google_ads,C0053,베스트셀러 단독 특가 안내,video,21023,14600,8073,759,20,8,162309,665308
2026-08-16,facebook,C0054,브랜드 협업 기획전 소개,carousel,5653,3939,2064,154,2,0,30460,0
2026-08-16,instagram,C0055,시즌오프 세트 추천,image,18412,11875,7936,958,22,4,133929,273359
2026-08-16,naver_blog,C0056,여름 클리어런스 단독 특가 총정리,blog_post,2791,1751,627,210,7,2,0,131868
2026-08-16,youtube,C0057,신규 입고 쿠폰 후기,video,14656,9450,5182,236,3,0,65462,0
2026-08-16,kakao,C0058,리뷰 이벤트 단독 특가 모음,image,4121,3339,1877,162,9,5,29963,254026
2026-08-16,facebook,C0060,한정 수량 기획전 가이드,video,6065,4457,1863,114,2,0,34796,0
2026-08-17,youtube,C0003,시즌오프 세트 후기,video,16969,13620,6502,335,6,0,62907,0
2026-08-17,kakao,C0004,베스트셀러 쿠폰 추천,image,6496,5480,3111,431,11,4,49781,271237
2026-08-17,google_ads,C0005,여름 클리어런스 쿠폰 안내,image,41360,26824,15760,1633,41,11,367791,815355
2026-08-17,facebook,C0006,재입고 알림 기획전 소개,video,9257,6730,4569,202,2,0,39798,0
2026-08-17,kakao,C0010,베스트셀러 룩북 소개,image,8394,6892,2482,483,23,10,58650,721805
2026-08-17,google_ads,C0011,신규 입고 코디 가이드,image,17932,12173,5486,391,10,4,177521,304494
2026-08-17,facebook,C0012,한정 수량 세트 후기,video,16647,12630,4889,338,6,1,77374,80060
2026-08-17,youtube,C0015,베스트셀러 패키지 가이드,video,19151,12241,5421,402,4,0,75196,0
2026-08-17,google_ads,C0017,한정 수량 기획전 추천,video,29774,23551,14966,966,22,10,240758,901518
2026-08-17,facebook,C0018,리뷰 이벤트 패키지 총정리,video,15197,12905,8590,403,6,1,65339,93064
2026-08-17,youtube,C0021,신규 입고 코디 모음,reels,12573,8267,5813,266,3,1,59690,56629
2026-08-17,kakao,C0022,시즌오프 패키지 모음,image,4096,2603,1218,167,4,1,35183,45289
2026-08-17,google_ads,C0023,신규 입고 세트 후기,video,55135,35612,24596,1746,32,14,436502,1100455
2026-08-17,facebook,C0024,시즌오프 룩북 안내,carousel,5911,3977,1590,96,1,0,32636,0
2026-08-17,naver_blog,C0026,여름 클리어런스 세트 추천,blog_post,4316,3692,2206,236,11,4,0,336660
2026-08-17,youtube,C0027,신규 입고 룩북 가이드,reels,11933,9054,6020,235,2,0,53083,0
2026-08-17,google_ads,C0029,신규 입고 세트 모음,image,19702,17182,9042,464,12,3,173525,219857
2026-08-17,facebook,C0030,신규 입고 기획전 소개,carousel,6607,4233,2919,200,3,0,37850,0
2026-08-17,instagram,C0031,여름 클리어런스 세트 모음,image,23622,16403,7255,959,20,8,134018,424486
2026-08-17,youtube,C0033,직원 추천 룩북 모음,reels,13871,10752,5487,197,2,0,53946,0
2026-08-17,kakao,C0034,한정 수량 코디 안내,image,6358,4476,2821,382,13,3,42519,179941
2026-08-17,instagram,C0037,리뷰 이벤트 세트 후기,reels,20223,17450,9119,574,16,3,132463,270120
2026-08-17,youtube,C0039,여름 클리어런스 세트 총정리,video,38747,29127,20777,986,20,2,143500,188944
2026-08-17,kakao,C0040,한정 수량 단독 특가 모음,image,8486,6257,4364,516,16,5,63737,443790
2026-08-17,naver_blog,C0044,가을 신상 체험단 가이드,blog_post,3507,2253,918,191,8,2,0,120365
2026-08-17,naver_blog,C0050,신규 입고 세트 가이드,blog_post,4369,2803,1871,330,9,4,0,161120
2026-08-17,youtube,C0051,신규 입고 코디 후기,video,25558,18643,7766,506,8,1,117263,88232
2026-08-17,kakao,C0052,한정 수량 쿠폰 후기,carousel,11859,9858,4942,436,20,12,97059,546191
2026-08-17,google_ads,C0053,베스트셀러 단독 특가 안내,video,20614,15308,6312,745,14,4,201819,195494
2026-08-17,facebook,C0054,브랜드 협업 기획전 소개,carousel,8300,5536,3076,196,3,0,46060,0
2026-08-17,instagram,C0055,시즌오프 세트 추천,image,31631,24594,14026,1251,24,4,221102,218954
2026-08-17,naver_blog,C0056,여름 클리어런스 단독 특가 총정리,blog_post,3352,2403,1536,243,11,3,0,124900
2026-08-17,youtube,C0057,신규 입고 쿠폰 후기,video,24077,20982,14669,469,5,1,103915,90794
2026-08-17,kakao,C0058,리뷰 이벤트 단독 특가 모음,image,8903,6189,3630,485,18,7,76398,510536
2026-08-17,facebook,C0060,한정 수량 기획전 가이드,video,6742,4403,2421,137,1,0,34944,0
2026-08-18,kakao,C0004,베스트셀러 쿠폰 추천,image,5028,3511,2025,330,9,4,40662,181033
2026-08-18,google_ads,C0005,여름 클리어런스 쿠폰 안내,image,30504,23319,15062,1020,37,8,236354,357401
2026-08-18,facebook,C0006,재입고 알림 기획전 소개,video,9010,7015,2513,196,2,0,45850,0
2026-08-18,naver_blog,C0008,신규 입고 기획전 소개,blog_post,4541,3990,2082,251,6,1,0,52205
2026-08-18,kakao,C0010,베스트셀러 룩북 소개,image,10355,7094,4891,556,27,12,66333,1017451
2026-08-18,google_ads,C0011,신규 입고 코디 가이드,image,28669,24594,15744,714,16,7,261483,387129
2026-08-18,facebook,C0012,한정 수량 세트 후기,video,17522,14663,8402,422,7,1,83911,48427
2026-08-18,instagram,C0013,리뷰 이벤트 패키지 모음,carousel,18324,11431,4282,598,12,3,109584,244764
2026-08-18,naver_blog,C0014,한정 수량 세트 모음,blog_post,3577,2294,1073,141,3,0,0,0
2026-08-18,youtube,C0015,베스트셀러 패키지 가이드,video,23959,18292,7349,439,4,0,99991,0
2026-08-18,google_ads,C0017,한정 수량 기획전 추천,video,30968,24354,16173,1126,26,11,278619,990185
2026-08-18,facebook,C0018,리뷰 이벤트 패키지 총정리,video,18017,11213,5094,357,7,2,81277,113162
2026-08-18,instagram,C0019,베스트셀러 체험단 가이드,carousel,26905,17240,10559,1210,34,9,198087,557168
2026-08-18,youtube,C0021,신규 입고 코디 모음,reels,15066,10576,4804,341,6,1,69619,70970
2026-08-18,kakao,C0022,시즌오프 패키지 모음,image,4229,2802,1449,186,9,2,28333,167431
2026-08-18,google_ads,C0023,신규 입고 세트 후기,video,41832,27907,12062,1158,36,17,335748,1041728
2026-08-18,facebook,C0024,시즌오프 룩북 안내,carousel,4632,3869,2220,66,1,0,23855,0
2026-08-18,naver_blog,C0026,여름 클리어런스 세트 추천,blog_post,4341,3024,1234,253,6,1,0,62399
2026-08-18,youtube,C0027,신규 입고 룩북 가이드,reels,18083,12900,5664,338,4,1,75375,94478
2026-08-18,google_ads,C0029,신규 입고 세트 모음,image,16550,10804,5200,315,6,2,152809,135012
2026-08-18,facebook,C0030,신규 입고 기획전 소개,carousel,6771,5643,1990,177,2,0,29271,0
2026-08-18,instagram,C0031,여름 클리어런스 세트 모음,image,25062,16917,9795,1177,27,9,138568,679833
2026-08-18,naver_blog,C0032,베스트셀러 쿠폰 안내,blog_post,7847,5562,2151,477,21,6,0,476920
2026-08-18,youtube,C0033,직원 추천 룩북 모음,reels,18523,13258,9397,229,4,1,80635,89418
2026-08-18,kakao,C0034,한정 수량 코디 안내,image,7004,5762,3566,502,14,4,59816,303195
2026-08-18,instagram,C0037,리뷰 이벤트 세트 후기,reels,21768,16521,6243,567,11,4,155833,257666
2026-08-18,youtube,C0039,여름 클리어런스 세트 총정리,video,30646,21356,13455,659,10,3,144930,230563
2026-08-18,facebook,C0042,시즌오프 패키지 추천,video,13171,9631,3579,205,3,0,64236,0
2026-08-18,naver_blog,C0044,가을 신상 체험단 가이드,blog_post,3853,2549,973,235,7,2,0,124745
2026-08-18,kakao,C0046,직원 추천 패키지 안내,image,8644,5656,2124,426,17,7,73141,289255
2026-08-18,naver_blog,C0050,신규 입고 세트 가이드,blog_post,4108,3003,1423,250,6,2,0,139306
2026-08-18,youtube,C0051,신규 입고 코디 후기,video,17535,14604,7904,388,5,1,82741,44608
2026-08-18,kakao,C0052,한정 수량 쿠폰 후기,carousel,9426,6607,2365,270,13,5,67230,449790
2026-08-18,google_ads,C0053,베스트셀러 단독 특가 안내,video,26336,22544,9129,853,27,6,219933,353711
2026-08-18,facebook,C0054,브랜드 협업 기획전 소개,carousel,8329,5987,3452,183,3,0,44313,0
2026-08-18,instagram,C0055,시즌오프 세트 추천,image,37809,25424,15323,1776,45,19,234023,979773
2026-08-18,naver_blog,C0056,여름 클리어런스 단독 특가 총정리,blog_post,3289,2123,958,254,11,5,0,245008
2026-08-18,youtube,C0057,신규 입고 쿠폰 후기,video,28227,23854,16087,540,7,2,118121,189276
2026-08-18,kakao,C0058,리뷰 이벤트 단독 특가 모음,image,6956,6052,4154,321,17,8,49259,650603
2026-08-18,facebook,C0060,한정 수량 기획전 가이드,video,9873,6789,3484,161,2,0,54017,0
2026-08-19,youtube,C0003,시즌오프 세트 후기,video,20030,16743,5994,396,4,0,81937,0
2026-08-19,kakao,C0004,베스트셀러 쿠폰 추천,image,5577,3931,2152,298,8,4,36233,252774
2026-08-19,google_ads,C0005,여름 클리어런스 쿠폰 안내,image,32608,23759,12642,1237,27,7,251369,449727
2026-08-19,facebook,C0006,재입고 알림 기획전 소개,video,7561,6412,4299,154,2,0,41986,0
2026-08-19,naver_blog,C0008,신규 입고 기획전 소개,blog_post,7017,4689,3007,344,11,4,0,348546
2026-08-19,kakao,C0010,베스트셀러 룩북 소개,image,10215,6349,4361,728,36,14,85282,847656
2026-08-19,facebook,C0012,한정 수량 세트 후기,video,16573,12252,5211,436,7,0,81691,0
2026-08-19,instagram,C0013,리뷰 이벤트 패키지 모음,carousel,21537,18868,7609,769,17,6,125546,258513
2026-08-19,naver_blog,C0014,한정 수량 세트 모음,blog_post,3231,2269,1396,125,4,1,0,40646
2026-08-19,youtube,C0015,베스트셀러 패키지 가이드,video,24452,20555,13155,567,8,0,89369,0
2026-08-19,google_ads,C0017,한정 수량 기획전 추천,video,32983,21749,14224,1485,54,23,298449,1556775
2026-08-19,facebook,C0018,리뷰 이벤트 패키지 총정리,video,14046,9632,6809,324,4,1,68604,64824
2026-08-19,instagram,C0019,베스트셀러 체험단 가이드,carousel,26252,21668,8917,1523,37,10,182093,750975
2026-08-19,youtube,C0021,신규 입고 코디 모음,reels,13672,11504,6751,235,4,1,63911,72966
2026-08-19,kakao,C0022,시즌오프 패키지 모음,image,6207,5328,2416,332,8,4,41602,296758
2026-08-19,google_ads,C0023,신규 입고 세트 후기,video,36529,28003,12030,995,31,15,279537,689331
2026-08-19,facebook,C0024,시즌오프 룩북 안내,carousel,5657,4206,2696,86,1,0,24551,0
2026-08-19,youtube,C0027,신규 입고 룩북 가이드,reels,14934,11237,6589,350,3,0,54596,0
2026-08-19,google_ads,C0029,신규 입고 세트 모음,image,16722,10645,5323,454,11,4,165561,202005
2026-08-19,facebook,C0030,신규 입고 기획전 소개,carousel,4671,3521,1515,131,1,0,21232,0
2026-08-19,instagram,C0031,여름 클리어런스 세트 모음,image,17355,14921,8072,759,15,2,124340,129588
2026-08-19,naver_blog,C0032,베스트셀러 쿠폰 안내,blog_post,5886,5068,1843,482,20,8,0,498111
2026-08-19,youtube,C0033,직원 추천 룩북 모음,reels,19369,13037,7947,252,2,0,78647,0
2026-08-19,instagram,C0037,리뷰 이벤트 세트 후기,reels,16999,10915,6127,536,11,3,118311,206017
2026-08-19,youtube,C0039,여름 클리어런스 세트 총정리,video,30851,19654,13203,822,15,2,148195,102811
2026-08-19,kakao,C0040,한정 수량 단독 특가 모음,image,8641,6568,3727,436,17,4,62272,240244
2026-08-19,facebook,C0042,시즌오프 패키지 추천,video,11761,9298,5904,211,2,0,61618,0
2026-08-19,naver_blog,C0044,가을 신상 체험단 가이드,blog_post,3983,3194,1513,184,7,2,0,109445
2026-08-19,kakao,C0046,직원 추천 패키지 안내,image,11448,7716,5026,742,18,9,81763,438007
2026-08-19,naver_blog,C0050,신규 입고 세트 가이드,blog_post,3423,2793,1421,250,9,2,0,87659
2026-08-19,youtube,C0051,신규 입고 코디 후기,video,16403,11534,7770,377,4,0,63489,0
2026-08-19,kakao,C0052,한정 수량 쿠폰 후기,carousel,11014,7374,5078,395,17,6,92170,517982
2026-08-19,google_ads,C0053,베스트셀러 단독 특가 안내,video,28735,19487,13057,1180,44,19,256220,1721247
2026-08-19,instagram,C0055,시즌오프 세트 추천,image,40885,30677,12328,1694,48,17,299360,865522
2026-08-19,naver_blog,C0056,여름 클리어런스 단독 특가 총정리,blog_post,3270,2403,914,182,8,3,0,165978
2026-08-19,youtube,C0057,신규 입고 쿠폰 후기,video,28533,24281,17161,446,7,2,126731,129173
2026-08-19,kakao,C0058,리뷰 이벤트 단독 특가 모음,image,8351,6988,4472,450,25,12,64183,793326
2026-08-19,facebook,C0060,한정 수량 기획전 가이드,video,8643,6335,4026,148,2,0,44605,0
2026-08-20,youtube,C0003,시즌오프 세트 후기,video,16389,13803,5825,374,3,0,66080,0
2026-08-20,kakao,C0004,베스트셀러 쿠폰 추천,image,6033,4182,1677,369,17,6,49052,445967
2026-08-20,facebook,C0006,재입고 알림 기획전 소개,video,9678,7458,4708,213,3,0,41440,0
2026-08-20,naver_blog,C0008,신규 입고 기획전 소개,blog_post,5563,3800,1400,251,8,3,0,138857
2026-08-20,kakao,C0010,베스트셀러 룩북 소개,image,9897,6383,2397,642,35,13,63777,543378
2026-08-20,google_ads,C0011,신규 입고 코디 가이드,image,22699,18309,10943,620,23,8,226569,724146
2026-08-20,facebook,C0012,한정 수량 세트 후기,video,13456,10118,6213,315,7,1,59363,71375
2026-08-20,instagram,C0013,리뷰 이벤트 패키지 모음,carousel,13478,9239,4062,621,14,4,91117,347674
2026-08-20,naver_blog,C0014,한정 수량 세트 모음,blog_post,2456,1622,1093,83,4,1,0,47628
2026-08-20,youtube,C0015,베스트셀러 패키지 가이드,video,17842,13467,6259,374,4,1,83965,94367
2026-08-20,google_ads,C0017,한정 수량 기획전 추천,video,22533,13985,9090,960,31,12,173642,738141
2026-08-20,facebook,C0018,리뷰 이벤트 패키지 총정리,video,12918,10515,6753,272,4,0,61449,0
2026-08-20,instagram,C0019,베스트셀러 체험단 가이드,carousel,27257,23117,11517,1408,39,17,187592,865267
2026-08-20,youtube,C0021,신규 입고 코디 모음,reels,16774,14085,9669,306,5,1,64126,40707
2026-08-20,google_ads,C0023,신규 입고 세트 후기,video,33919,21492,14048,1167,21,6,269916,241171
2026-08-20,youtube,C0027,신규 입고 룩북 가이드,reels,10969,8302,5923,210,3,0,43790,0
2026-08-20,facebook,C0030,신규 입고 기획전 소개,carousel,4710,3756,2178,127,2,0,24492,0
2026-08-20,instagram,C0031,여름 클리어런스 세트 모음,image,17545,14391,7134,838,22,7,124674,334027
2026-08-20,naver_blog,C0032,베스트셀러 쿠폰 안내,blog_post,7601,5740,2749,643,27,8,0,521900
2026-08-20,youtube,C0033,직원 추천 룩북 모음,reels,17006,10560,5053,247,2,0,82093,0
2026-08-20,kakao,C0034,한정 수량 코디 안내,image,6849,5223,2237,459,15,8,50329,729142
2026-08-20,instagram,C0037,리뷰 이벤트 세트 후기,reels,18028,12537,5035,515,17,6,104523,379322
2026-08-20,youtube,C0039,여름 클리어런스 세트 총정리,video,44690,36230,17452,888,15,3,186899,199024
2026-08-20,facebook,C0042,시즌오프 패키지 추천,video,12815,10843,4297,232,4,0,72279,0
2026-08-20,naver_blog,C0044,가을 신상 체험단 가이드,blog_post,3228,2559,1234,152,5,2,0,166054
2026-08-20,naver_blog,C0050,신규 입고 세트 가이드,blog_post,3254,2377,1214,233,9,1,0,78458
2026-08-20,youtube,C0051,신규 입고 코디 후기,video,16031,11586,7557,337,5,1,70884,79276
2026-08-20,google_ads,C0053,베스트셀러 단독 특가 안내,video,21865,16874,10953,810,15,4,204016,265659
2026-08-20,facebook,C0054,브랜드 협업 기획전 소개,carousel,7161,5563,2967,170,3,0,36417,0
2026-08-20,naver_blog,C0056,여름 클리어런스 단독 특가 총정리,blog_post,3662,3150,2172,289,8,3,0,138044
2026-08-20,youtube,C0057,신규 입고 쿠폰 후기,video,27373,21118,11858,538,5,1,127485,87707
2026-08-20,kakao,C0058,리뷰 이벤트 단독 특가 모음,image,5670,4300,1632,222,12,5,36648,440085
2026-08-20,facebook,C0060,한정 수량 기획전 가이드,video,5809,4686,1958,94,1,0,32947,0
2026-08-21,youtube,C0003,시즌오프 세트 후기,video,19421,13806,7197,327,3,0,72790,0
2026-08-21,kakao,C0004,베스트셀러 쿠폰 추천,image,3925,3179,1288,236,6,2,32401,83974
2026-08-21,google_ads,C0005,여름 클리어런스 쿠폰 안내,image,31090,27108,13514,1201,29,15,251441,1302060
2026-08-21,facebook,C0006,재입고 알림 기획전 소개,video,6597,4294,2393,154,3,0,37459,0
2026-08-21,naver_blog,C0008,신규 입고 기획전 소개,blog_post,3981,2609,1165,185,5,2,0,95278
2026-08-21,kakao,C0010,베스트셀러 룩북 소개,image,7650,5676,3651,483,28,14,54390,1240779
2026-08-21,google_ads,C0011,신규 입고 코디 가이드,image,23668,19367,8964,670,25,7,207133,579134
2026-08-21,facebook,C0012,한정 수량 세트 후기,video,10679,7677,5252,295,4,0,60439,0
2026-08-21,instagram,C0013,리뷰 이벤트 패키지 모음,carousel,14438,9197,4514,558,13,4,102932,237865
2026-08-21,youtube,C0015,베스트셀러 패키지 가이드,video,22688,15645,6623,430,7,1,107861,59424
2026-08-21,google_ads,C0017,한정 수량 기획전 추천,video,24859,16446,8290,982,26,8,210287,457803
2026-08-21,facebook,C0018,리뷰 이벤트 패키지 총정리,video,15743,13081,6866,360,3,0,81287,0
2026-08-21,instagram,C0019,베스트셀러 체험단 가이드,carousel,35118,27712,17609,1786,33,14,211271,747768
2026-08-21,kakao,C0022,시즌오프 패키지 모음,image,4694,3321,1820,218,11,5,33294,216382
2026-08-21,facebook,C0024,시즌오프 룩북 안내,carousel,4489,3097,1615,73,0,0,20966,0
2026-08-21,youtube,C0027,신규 입고 룩북 가이드,reels,14936,11462,6967,314,6,1,55991,93466
2026-08-21,google_ads,C0029,신규 입고 세트 모음,image,18057,15524,9264,503,8,2,139529,126388
2026-08-21,facebook,C0030,신규 입고 기획전 소개,carousel,6511,4222,1537,169,3,0,37364,0
2026-08-21,instagram,C0031,여름 클리어런스 세트 모음,image,17334,13281,6179,766,24,4,111453,218261
2026-08-21,naver_blog,C0032,베스트셀러 쿠폰 안내,blog_post,7202,4900,2120,508,22,10,0,503449
2026-08-21,youtube,C0033,직원 추천 룩북 모음,reels,12948,8506,5044,178,2,0,52768,0
2026-08-21,kakao,C0034,한정 수량 코디 안내,image,6765,4658,2580,463,17,4,53292,184422
2026-08-21,instagram,C0037,리뷰 이벤트 세트 후기,reels,14768,10014,4217,447,9,2,109082,108549
2026-08-21,kakao,C0040,한정 수량 단독 특가 모음,image,10332,8550,5598,565,25,8,67688,612847
2026-08-21,kakao,C0046,직원 추천 패키지 안내,image,9054,7392,3188,518,13,6,60483,301537
2026-08-21,naver_blog,C0050,신규 입고 세트 가이드,blog_post,3500,2351,1207,238,11,2,0,89555
2026-08-21,youtube,C0051,신규 입고 코디 후기,video,23195,18717,11831,618,11,1,85772,81429
2026-08-21,kakao,C0052,한정 수량 쿠폰 후기,carousel,8820,5740,4081,331,12,2,68559,86513
2026-08-21,google_ads,C0053,베스트셀러 단독 특가 안내,video,18004,15058,6610,725,15,5,154065,220282
2026-08-21,facebook,C0054,브랜드 협업 기획전 소개,carousel,8932,6259,2265,215,3,0,39874,0
2026-08-21,instagram,C0055,시즌오프 세트 추천,image,37190,29864,15079,1613,48,22,274533,1140528
2026-08-21,naver_blog,C0056,여름 클리어런스 단독 특가 총정리,blog_post,4369,3311,1840,347,10,3,0,274400
2026-08-21,youtube,C0057,신규 입고 쿠폰 후기,video,20021,14335,9344,320,4,1,75126,49663
2026-08-21,kakao,C0058,리뷰 이벤트 단독 특가 모음,image,5328,3657,1917,273,10,4,41235,174063
2026-08-21,facebook,C0060,한정 수량 기획전 가이드,video,6284,3935,1792,101,2,0,33373,0
2026-08-22,youtube,C0003,시즌오프 세트 후기,video,11672,9916,4837,279,2,0,51275,0
2026-08-22,kakao,C0004,베스트셀러 쿠폰 추천,image,4926,3673,1446,298,10,3,38976,138924
2026-08-22,google_ads,C0005,여름 클리어런스 쿠폰 안내,image,24246,15830,10830,1048,36,17,199466,831211
2026-08-22,facebook,C0006,재입고 알림 기획전 소개,video,6102,4870,1854,123,2,0,31595,0
2026-08-22,naver_blog,C0008,신규 입고 기획전 소개,blog_post,4502,3079,1723,200,6,1,0,65328
2026-08-22,kakao,C0010,베스트셀러 룩북 소개,image,5147,3374,1822,302,7,3,36822,218151
2026-08-22,google_ads,C0011,신규 입고 코디 가이드,image,18777,13463,5690,406,9,1,193743,40323
2026-08-22,facebook,C0012,한정 수량 세트 후기,video,10621,8813,3880,263,4,1,57004,57032
2026-08-22,instagram,C0013,리뷰 이벤트 패키지 모음,carousel,10073,7802,4182,393,8,1,70956,54971
2026-08-22,naver_blog,C0014,한정 수량 세트 모음,blog_post,2395,1612,807,104,4,1,0,43784
2026-08-22,youtube,C0015,베스트셀러 패키지 가이드,video,18970,14433,5565,325,3,0,70881,0
2026-08-22,google_ads,C0017,한정 수량 기획전 추천,video,16384,13354,5168,582,14,2,139073,96378
2026-08-22,facebook,C0018,리뷰 이벤트 패키지 총정리,video,11145,8494,4109,226,2,0,50659,0
2026-08-22,instagram,C0019,베스트셀러 체험단 가이드,carousel,30208,24007,13047,1603,42,9,216444,477591
2026-08-22,youtube,C0021,신규 입고 코디 모음,reels,11592,7446,5191,220,2,0,41567,0
2026-08-22,kakao,C0022,시즌오프 패키지 모음,image,3845,2690,1425,188,5,1,25631,54133
2026-08-22,google_ads,C0023,신규 입고 세트 후기,video,38468,33517,23057,1256,33,8,332209,669481
2026-08-22,facebook,C0024,시즌오프 룩북 안내,carousel,4778,4003,1875,62,1,0,20886,0
2026-08-22,naver_blog,C0026,여름 클리어런스 세트 추천,blog_post,4472,3648,2116,342,10,2,0,119970
2026-08-22,youtube,C0027,신규 입고 룩북 가이드,reels,10292,7286,4767,230,3,0,39807,0
2026-08-22,google_ads,C0029,신규 입고 세트 모음,image,15169,9863,6208,356,9,2,133476,144311
2026-08-22,facebook,C0030,신규 입고 기획전 소개,carousel,3505,2539,1667,124,2,0,15029,0
2026-08-22,instagram,C0031,여름 클리어런스 세트 모음,image,14422,9310,5134,776,18,4,107600,196492
2026-08-22,naver_blog,C0032,베스트셀러 쿠폰 안내,blog_post,5954,5127,3238,386,12,2,0,112683
2026-08-22,youtube,C0033,직원 추천 룩북 모음,reels,13245,8917,3841,162,2,0,54912,0
2026-08-22,kakao,C0034,한정 수량 코디 안내,image,6187,4116,2462,354,12,3,47808,283407
2026-08-22,instagram,C0037,리뷰 이벤트 세트 후기,reels,11108,9552,4268,251,4,1,73039,71095
2026-08-22,kakao,C0040,한정 수량 단독 특가 모음,image,8228,7084,3046,437,22,6,52977,418623
2026-08-22,facebook,C0042,시즌오프 패키지 추천,video,10417,8193,4084,166,3,0,53282,0
2026-08-22,kakao,C0046,직원 추천 패키지 안내,image,9814,8073,4937,675,19,9,73219,388537
2026-08-22,naver_blog,C0050,신규 입고 세트 가이드,blog_post,2585,1645,1128,151,6,2,0,143691
2026-08-22,youtube,C0051,신규 입고 코디 후기,video,12588,8318,4388,307,2,0,52018,0
2026-08-22,kakao,C0052,한정 수량 쿠폰 후기,carousel,10255,7425,2745,410,14,5,79515,417266
2026-08-22,google_ads,C0053,베스트셀러 단독 특가 안내,video,20124,16833,8862,664,20,7,157039,342073
2026-08-22,instagram,C0055,시즌오프 세트 추천,image,20542,14227,9473,1116,37,10,143047,704090
2026-08-22,naver_blog,C0056,여름 클리어런스 단독 특가 총정리,blog_post,2469,2134,1511,161,5,2,0,155318
2026-08-22,youtube,C0057,신규 입고 쿠폰 후기,video,20125,13750,9865,295,2,0,96723,0
2026-08-22,kakao,C0058,리뷰 이벤트 단독 특가 모음,image,5042,4198,2626,257,7,3,39049,155956
2026-08-23,youtube,C0003,시즌오프 세트 후기,video,9788,8204,3512,229,4,1,45883,42945
2026-08-23,kakao,C0004,베스트셀러 쿠폰 추천,image,4485,3594,1409,226,11,4,32890,268625
2026-08-23,google_ads,C0005,여름 클리어런스 쿠폰 안내,image,24833,16505,8152,1017,32,10,198054,860668
2026-08-23,facebook,C0006,재입고 알림 기획전 소개,video,6177,4675,2099,123,2,0,31830,0
2026-08-23,naver_blog,C0008,신규 입고 기획전 소개,blog_post,3923,2598,1252,192,6,1,0,52369
2026-08-23,google_ads,C0011,신규 입고 코디 가이드,image,13487,10457,5927,357,6,2,113315,160576
2026-08-23,facebook,C0012,한정 수량 세트 후기,video,8639,7401,4718,248,2,0,37619,0
2026-08-23,instagram,C0013,리뷰 이벤트 패키지 모음,carousel,13391,9425,6369,440,12,5,98757,269866
2026-08-23,naver_blog,C0014,한정 수량 세트 모음,blog_post,1914,1276,888,87,4,1,0,62319
2026-08-23,youtube,C0015,베스트셀러 패키지 가이드,video,14499,11143,4976,270,5,1,61897,57508
2026-08-23,google_ads,C0017,한정 수량 기획전 추천,video,18456,15166,8692,587,20,6,161118,458287
2026-08-23,instagram,C0019,베스트셀러 체험단 가이드,carousel,28779,18188,10317,1511,30,13,191513,852341
2026-08-23,youtube,C0021,신규 입고 코디 모음,reels,11920,7489,5351,238,4,1,49476,74982
2026-08-23,google_ads,C0023,신규 입고 세트 후기,video,38080,32775,16546,1269,23,5,390322,329378
2026-08-23,naver_blog,C0026,여름 클리어런스 세트 추천,blog_post,3580,2346,1236,217,6,1,0,90593
2026-08-23,youtube,C0027,신규 입고 룩북 가이드,reels,10758,8725,6104,193,3,0,49785,0
2026-08-23,google_ads,C0029,신규 입고 세트 모음,image,14803,10762,7399,303,6,1,149285,45177
2026-08-23,facebook,C0030,신규 입고 기획전 소개,carousel,4253,2979,1338,118,2,0,19802,0
2026-08-23,instagram,C0031,여름 클리어런스 세트 모음,image,16904,11172,5065,895,25,4,113202,256628
2026-08-23,naver_blog,C0032,베스트셀러 쿠폰 안내,blog_post,6017,3872,2312,429,16,8,0,503272
2026-08-23,youtube,C0033,직원 추천 룩북 모음,reels,12728,8232,4388,149,2,0,59828,0
2026-08-23,kakao,C0034,한정 수량 코디 안내,image,4759,3978,1589,325,19,9,37015,611742
2026-08-23,instagram,C0037,리뷰 이벤트 세트 후기,reels,11325,7245,4953,351,5,1,71036,73907
2026-08-23,kakao,C0040,한정 수량 단독 특가 모음,image,6569,5763,2092,405,13,4,47517,288278
2026-08-23,kakao,C0046,직원 추천 패키지 안내,image,6182,4102,1962,322,12,5,40701,217991
2026-08-23,naver_blog,C0050,신규 입고 세트 가이드,blog_post,3161,2117,1271,255,11,5,0,284024
2026-08-23,youtube,C0051,신규 입고 코디 후기,video,11766,7301,3702,248,4,0,44840,0
2026-08-23,kakao,C0052,한정 수량 쿠폰 후기,carousel,8270,6285,2734,262,8,2,70195,161133
2026-08-23,google_ads,C0053,베스트셀러 단독 특가 안내,video,20699,14202,5166,728,25,11,168168,590699
2026-08-23,facebook,C0054,브랜드 협업 기획전 소개,carousel,5224,4081,1630,125,1,0,24866,0
2026-08-23,instagram,C0055,시즌오프 세트 추천,image,24254,17228,12238,1347,35,16,172168,1510052
2026-08-23,naver_blog,C0056,여름 클리어런스 단독 특가 총정리,blog_post,3385,2909,1926,260,7,2,0,179473
2026-08-23,youtube,C0057,신규 입고 쿠폰 후기,video,17801,12530,4831,339,4,0,73820,0
2026-08-23,kakao,C0058,리뷰 이벤트 단독 특가 모음,image,5083,3157,1995,264,9,2,38221,130086
2026-08-24,kakao,C0004,베스트셀러 쿠폰 추천,image,5640,4086,2000,382,15,6,43712,325210
2026-08-24,google_ads,C0005,여름 클리어런스 쿠폰 안내,image,22816,16860,11224,881,32,15,201230,642479
2026-08-24,facebook,C0006,재입고 알림 기획전 소개,video,9040,7739,2939,263,3,0,49215,0
2026-08-24,google_ads,C0011,신규 입고 코디 가이드,image,13018,9697,4680,304,7,2,102279,160076
2026-08-24,facebook,C0012,한정 수량 세트 후기,video,11577,7466,3970,263,4,1,52340,55624
2026-08-24,instagram,C0013,리뷰 이벤트 패키지 모음,carousel,13436,10463,6138,521,12,1,99815,90949
2026-08-24,naver_blog,C0014,한정 수량 세트 모음,blog_post,3500,2757,1762,136,5,2,0,105225
2026-08-24,youtube,C0015,베스트셀러 패키지 가이드,video,25938,21135,9464,466,7,0,119771,0
2026-08-24,google_ads,C0017,한정 수량 기획전 추천,video,14847,10483,5397,541,9,1,115812,87421
2026-08-24,youtube,C0021,신규 입고 코디 모음,reels,17071,15018,7633,284,3,0,72002,0
2026-08-24,kakao,C0022,시즌오프 패키지 모음,image,5267,4307,1904,275,12,6,38402,424564
2026-08-24,google_ads,C0023,신규 입고 세트 후기,video,26756,18836,9037,718,25,4,210424,328107
2026-08-24,facebook,C0024,시즌오프 룩북 안내,carousel,6156,4778,1820,103,1,0,28877,0
2026-08-24,google_ads,C0029,신규 입고 세트 모음,image,13836,11125,5785,327,11,2,113923,116030
2026-08-24,facebook,C0030,신규 입고 기획전 소개,carousel,7059,5748,2470,197,2,0,32734,0
2026-08-24,instagram,C0031,여름 클리어런스 세트 모음,image,14907,12138,7476,628,15,5,86737,261146
2026-08-24,naver_blog,C0032,베스트셀러 쿠폰 안내,blog_post,7042,5238,3465,579,19,5,0,234108
2026-08-24,youtube,C0033,직원 추천 룩북 모음,reels,16606,12288,6246,237,4,0,79018,0
2026-08-24,kakao,C0034,한정 수량 코디 안내,image,6914,4360,2516,485,27,12,56735,654877
2026-08-24,instagram,C0037,리뷰 이벤트 세트 후기,reels,12446,8927,4024,317,6,1,80958,58385
2026-08-24,kakao,C0040,한정 수량 단독 특가 모음,image,10827,7968,4144,509,26,5,87371,266007
2026-08-24,facebook,C0042,시즌오프 패키지 추천,video,12799,9517,3419,263,2,0,62483,0
2026-08-24,kakao,C0046,직원 추천 패키지 안내,image,9742,7167,3038,474,16,6,66657,496395
2026-08-24,naver_blog,C0050,신규 입고 세트 가이드,blog_post,4218,3480,2046,246,11,5,0,418984
2026-08-24,youtube,C0051,신규 입고 코디 후기,video,20880,14260,6523,458,5,1,95601,76008
2026-08-24,kakao,C0052,한정 수량 쿠폰 후기,carousel,9684,8405,5783,393,11,4,83172,298885
2026-08-24,facebook,C0054,브랜드 협업 기획전 소개,carousel,6121,5319,2373,128,3,0,26658,0
2026-08-24,instagram,C0055,시즌오프 세트 추천,image,24632,19017,11957,1132,25,4,169207,291527
2026-08-24,naver_blog,C0056,여름 클리어런스 단독 특가 총정리,blog_post,4638,3880,2784,260,6,3,0,202893
2026-08-24,youtube,C0057,신규 입고 쿠폰 후기,video,34521,25009,9461,628,9,1,127285,75355
2026-08-24,kakao,C0058,리뷰 이벤트 단독 특가 모음,image,7370,5851,2655,336,15,5,57777,415042
2026-08-24,facebook,C0060,한정 수량 기획전 가이드,video,9242,7431,2644,156,1,0,52835,0
2026-08-25,youtube,C0003,시즌오프 세트 후기,video,14018,11030,4137,313,5,1,50108,49926
2026-08-25,kakao,C0004,베스트셀러 쿠폰 추천,image,5487,4697,3130,291,15,7,42672,442597
2026-08-25,facebook,C0006,재입고 알림 기획전 소개,video,6815,4344,2927,169,2,0,32107,0
2026-08-25,kakao,C0010,베스트셀러 룩북 소개,image,9758,6279,3251,641,23,7,68777,396441
2026-08-25,google_ads,C0011,신규 입고 코디 가이드,image,12305,9566,4346,238,8,3,99664,239131
2026-08-25,facebook,C0012,한정 수량 세트 후기,video,15518,10531,5078,320,7,1,83520,62345
2026-08-25,instagram,C0013,리뷰 이벤트 패키지 모음,carousel,13267,9939,4590,465,15,6,75275,462524
2026-08-25,naver_blog,C0014,한정 수량 세트 모음,blog_post,2773,1988,892,132,4,1,0,84809
2026-08-25,instagram,C0019,베스트셀러 체험단 가이드,carousel,20468,13583,5351,1017,21,9,145284,388653
2026-08-25,youtube,C0021,신규 입고 코디 모음,reels,13355,11357,7309,212,2,0,64154,0
2026-08-25,kakao,C0022,시즌오프 패키지 모음,image,5872,4922,3494,244,9,4,39783,278368
2026-08-25,facebook,C0024,시즌오프 룩북 안내,carousel,5242,3975,2795,65,1,0,28036,0
2026-08-25,google_ads,C0029,신규 입고 세트 모음,image,10566,7609,3392,268,10,2,106925,91307
2026-08-25,facebook,C0030,신규 입고 기획전 소개,carousel,5552,4111,2718,201,4,1,29721,45588
2026-08-25,instagram,C0031,여름 클리어런스 세트 모음,image,13262,9850,4151,523,8,3,75551,161160
2026-08-25,naver_blog,C0032,베스트셀러 쿠폰 안내,blog_post,8070,5763,3827,675,20,4,0,172954
2026-08-25,youtube,C0033,직원 추천 룩북 모음,reels,17850,11475,7040,276,4,1,72884,73765
2026-08-25,kakao,C0034,한정 수량 코디 안내,image,8896,6255,3130,609,24,12,62825,1132049
2026-08-25,instagram,C0037,리뷰 이벤트 세트 후기,reels,12856,10450,4368,372,6,2,92530,145774
2026-08-25,kakao,C0040,한정 수량 단독 특가 모음,image,7374,5160,1962,402,20,5,53966,228776
2026-08-25,facebook,C0042,시즌오프 패키지 추천,video,12908,10153,6145,193,2,0,71126,0
2026-08-25,kakao,C0046,직원 추천 패키지 안내,image,11230,7349,4378,559,27,10,75163,853324
2026-08-25,youtube,C0051,신규 입고 코디 후기,video,16953,14083,6783,434,4,1,78372,71266
2026-08-25,kakao,C0052,한정 수량 쿠폰 후기,carousel,9390,7113,4151,332,17,8,75617,324893
2026-08-25,google_ads,C0053,베스트셀러 단독 특가 안내,video,13239,10960,6404,561,17,5,128447,351598
2026-08-25,facebook,C0054,브랜드 협업 기획전 소개,carousel,9166,6059,2189,280,5,1,42631,58678
2026-08-25,instagram,C0055,시즌오프 세트 추천,image,17826,14783,8217,1020,17,4,108751,200978
2026-08-25,naver_blog,C0056,여름 클리어런스 단독 특가 총정리,blog_post,3296,2623,1414,259,10,4,0,192432
2026-08-25,youtube,C0057,신규 입고 쿠폰 후기,video,22158,15927,7271,299,5,1,86422,63017
2026-08-25,kakao,C0058,리뷰 이벤트 단독 특가 모음,image,6786,5049,2609,353,17,7,48468,556436
2026-08-25,facebook,C0060,한정 수량 기획전 가이드,video,9447,7415,5262,174,2,0,49896,0
2026-08-26,youtube,C0003,시즌오프 세트 후기,video,14456,10424,6066,279,5,0,61787,0
2026-08-26,google_ads,C0005,여름 클리어런스 쿠폰 안내,image,25398,18670,12613,871,28,13,236354,1113155
2026-08-26,facebook,C0006,재입고 알림 기획전 소개,video,8129,7066,3562,170,3,0,34829,0
2026-08-26,naver_blog,C0008,신규 입고 기획전 소개,blog_post,4669,3777,1592,238,11,4,0,289606
2026-08-26,kakao,C0010,베스트셀러 룩북 소개,image,10913,8904,5143,579,14,4,88229,320660
2026-08-26,facebook,C0012,한정 수량 세트 후기,video,17667,14468,8970,449,10,2,83247,144803
2026-08-26,instagram,C0013,리뷰 이벤트 패키지 모음,carousel,9680,8037,4986,456,8,2,64067,144737
2026-08-26,google_ads,C0017,한정 수량 기획전 추천,video,15413,9781,5465,666,13,5,138443,422152
2026-08-26,instagram,C0019,베스트셀러 체험단 가이드,carousel,21661,16341,10645,1067,31,13,133688,1012468
2026-08-26,youtube,C0021,신규 입고 코디 모음,reels,17376,12433,7403,354,6,1,65510,89842
2026-08-26,kakao,C0022,시즌오프 패키지 모음,image,5996,4902,1916,262,8,2,44117,136094
2026-08-26,google_ads,C0023,신규 입고 세트 후기,video,29157,20336,14206,938,34,13,262600,956730
2026-08-26,facebook,C0024,시즌오프 룩북 안내,carousel,5455,4164,2196,74,1,0,27887,0
2026-08-26,naver_blog,C0026,여름 클리어런스 세트 추천,blog_post,4208,2999,1272,338,10,3,0,249903
2026-08-26,youtube,C0027,신규 입고 룩북 가이드,reels,17885,14343,7612,390,5,0,85640,0
2026-08-26,google_ads,C0029,신규 입고 세트 모음,image,12599,10991,5415,341,12,3,107377,139849
2026-08-26,facebook,C0030,신규 입고 기획전 소개,carousel,4715,3679,1958,129,1,0,22553,0
2026-08-26,instagram,C0031,여름 클리어런스 세트 모음,image,16267,13378,6839,886,23,6,108871,318402
2026-08-26,naver_blog,C0032,베스트셀러 쿠폰 안내,blog_post,8929,5651,3975,595,20,5,0,429644
2026-08-26,youtube,C0033,직원 추천 룩북 모음,reels,13879,11342,5343,184,3,0,54458,0
2026-08-26,kakao,C0034,한정 수량 코디 안내,image,6855,5215,3262,381,18,5,49585,352156
2026-08-26,instagram,C0037,리뷰 이벤트 세트 후기,reels,11163,7658,4535,255,4,1,72693,41847
2026-08-26,kakao,C0040,한정 수량 단독 특가 모음,image,7931,6793,3768,342,18,10,58387,533105
2026-08-26,facebook,C0042,시즌오프 패키지 추천,video,13642,9877,6186,205,3,0,66508,0
2026-08-26,kakao,C0046,직원 추천 패키지 안내,image,9491,6265,3103,579,23,13,80394,1109657
2026-08-26,naver_blog,C0050,신규 입고 세트 가이드,blog_post,4486,3359,1235,298,7,3,0,260673
2026-08-26,youtube,C0051,신규 입고 코디 후기,video,16885,13501,8275,462,6,1,73609,77554
2026-08-26,kakao,C0052,한정 수량 쿠폰 후기,carousel,10439,6587,4696,425,24,14,83522,1214339
2026-08-26,google_ads,C0053,베스트셀러 단독 특가 안내,video,17094,13074,8740,660,17,8,156108,359309
2026-08-26,facebook,C0054,브랜드 협업 기획전 소개,carousel,6869,4722,3299,168,2,0,32166,0
2026-08-26,instagram,C0055,시즌오프 세트 추천,image,20901,16270,10704,1152,34,6,147320,425650
2026-08-26,naver_blog,C0056,여름 클리어런스 단독 특가 총정리,blog_post,3351,2517,1305,214,4,1,0,77839
2026-08-26,youtube,C0057,신규 입고 쿠폰 후기,video,30185,20011,8529,422,8,2,114524,163526
2026-08-26,kakao,C0058,리뷰 이벤트 단독 특가 모음,image,7463,5876,3497,343,13,5,53944,287790
2026-08-27,youtube,C0003,시즌오프 세트 후기,video,16249,11354,6548,353,6,1,64272,94119
2026-08-27,google_ads,C0005,여름 클리어런스 쿠폰 안내,image,19847,14847,7043,699,20,10,190729,856537
2026-08-27,facebook,C0006,재입고 알림 기획전 소개,video,8746,7463,3956,253,4,0,38647,0
2026-08-27,naver_blog,C0008,신규 입고 기획전 소개,blog_post,5888,4364,3132,336,8,4,0,301558
2026-08-27,google_ads,C0011,신규 입고 코디 가이드,image,14559,10021,5966,394,12,5,130392,247560
2026-08-27,instagram,C0013,리뷰 이벤트 패키지 모음,carousel,10590,7670,2979,395,10,3,68583,135713
2026-08-27,naver_blog,C0014,한정 수량 세트 모음,blog_post,3353,2404,1031,144,3,1,0,69502
2026-08-27,youtube,C0015,베스트셀러 패키지 가이드,video,16449,13513,8478,378,7,1,71112,85807
2026-08-27,google_ads,C0017,한정 수량 기획전 추천,video,17309,13673,6821,591,21,7,174899,521806
2026-08-27,instagram,C0019,베스트셀러 체험단 가이드,carousel,17556,11649,4996,936,27,9,112198,508788
2026-08-27,youtube,C0021,신규 입고 코디 모음,reels,12250,10164,7307,229,4,0,58844,0
2026-08-27,kakao,C0022,시즌오프 패키지 모음,image,4780,3969,2594,211,7,3,38147,214364
2026-08-27,facebook,C0024,시즌오프 룩북 안내,carousel,4940,4268,2082,82,0,0,22410,0
2026-08-27,naver_blog,C0026,여름 클리어런스 세트 추천,blog_post,4104,2627,1257,300,11,2,0,91534
2026-08-27,google_ads,C0029,신규 입고 세트 모음,image,13000,8971,3250,310,10,2,118017,114519
2026-08-27,facebook,C0030,신규 입고 기획전 소개,carousel,6741,4453,2793,194,4,0,34207,0
2026-08-27,instagram,C0031,여름 클리어런스 세트 모음,image,14396,10591,6359,639,11,3,107606,180722
2026-08-27,naver_blog,C0032,베스트셀러 쿠폰 안내,blog_post,6607,5001,2504,466,15,3,0,208824
2026-08-27,youtube,C0033,직원 추천 룩북 모음,reels,14884,12327,8055,219,3,0,56690,0
2026-08-27,kakao,C0034,한정 수량 코디 안내,image,8930,6256,3329,497,22,8,74028,726068
2026-08-27,instagram,C0037,리뷰 이벤트 세트 후기,reels,11765,9518,4789,363,11,5,71150,464898
2026-08-27,kakao,C0040,한정 수량 단독 특가 모음,image,10156,8867,5293,564,31,15,69962,900469
2026-08-27,facebook,C0042,시즌오프 패키지 추천,video,15177,11622,4727,307,5,1,72304,92172
2026-08-27,kakao,C0046,직원 추천 패키지 안내,image,9092,7361,4781,625,30,16,60855,1085790
2026-08-27,naver_blog,C0050,신규 입고 세트 가이드,blog_post,3708,3204,1244,297,11,6,0,502932
2026-08-27,youtube,C0051,신규 입고 코디 후기,video,21814,15352,6276,503,10,2,99581,140120
2026-08-27,kakao,C0052,한정 수량 쿠폰 후기,carousel,8873,6269,3629,289,16,8,65579,436206
2026-08-27,google_ads,C0053,베스트셀러 단독 특가 안내,video,14322,10265,4408,491,17,4,145314,184062
2026-08-27,facebook,C0054,브랜드 협업 기획전 소개,carousel,8928,6771,4499,268,3,0,50282,0
2026-08-27,instagram,C0055,시즌오프 세트 추천,image,25494,20361,8214,1095,33,12,145838,871453
2026-08-27,naver_blog,C0056,여름 클리어런스 단독 특가 총정리,blog_post,4940,3613,1666,279,11,3,0,201948
2026-08-27,youtube,C0057,신규 입고 쿠폰 후기,video,22565,14153,5343,400,4,0,88147,0
2026-08-27,kakao,C0058,리뷰 이벤트 단독 특가 모음,image,5686,3798,1566,233,8,2,42749,176629
2026-08-27,facebook,C0060,한정 수량 기획전 가이드,video,6741,5770,2118,123,2,0,33534,0
2026-08-28,youtube,C0003,시즌오프 세트 후기,video,16612,13648,6681,374,5,1,72998,77897
2026-08-28,google_ads,C0005,여름 클리어런스 쿠폰 안내,image,17972,15621,8351,536,15,7,156640,298990
2026-08-28,facebook,C0006,재입고 알림 기획전 소개,video,7715,6415,2773,168,3,0,42566,0
2026-08-28,naver_blog,C0008,신규 입고 기획전 소개,blog_post,6013,4129,2101,296,11,2,0,84070
2026-08-28,kakao,C0010,베스트셀러 룩북 소개,image,7105,5664,2793,496,25,11,60725,875187
2026-08-28,google_ads,C0011,신규 입고 코디 가이드,image,13756,9349,3724,372,14,5,127376,387736
2026-08-28,facebook,C0012,한정 수량 세트 후기,video,10813,9131,5083,225,3,0,55355,0
2026-08-28,instagram,C0013,리뷰 이벤트 패키지 모음,carousel,7448,5154,2028,276,5,1,50410,61888
2026-08-28,naver_blog,C0014,한정 수량 세트 모음,blog_post,3121,2708,1350,101,2,0,0,0
2026-08-28,youtube,C0015,베스트셀러 패키지 가이드,video,20698,15577,7566,389,3,0,98095,0
2026-08-28,google_ads,C0017,한정 수량 기획전 추천,video,18305,13100,5703,726,17,7,170752,311832
2026-08-28,instagram,C0019,베스트셀러 체험단 가이드,carousel,18815,15996,7529,764,15,6,117798,311831
2026-08-28,youtube,C0021,신규 입고 코디 모음,reels,12018,7532,3090,191,1,0,44243,0
2026-08-28,google_ads,C0023,신규 입고 세트 후기,video,20374,14382,7764,713,23,8,156517,417040
2026-08-28,facebook,C0024,시즌오프 룩북 안내,carousel,6332,4672,2487,94,2,0,28736,0
2026-08-28,naver_blog,C0026,여름 클리어런스 세트 추천,blog_post,4776,4088,2781,300,7,3,,235276
2026-08-28,youtube,C0027,신규 입고 룩북 가이드,reels,12513,9517,4147,283,4,0,48440,0
2026-08-28,google_ads,C0029,신규 입고 세트 모음,image,9297,7591,3930,247,6,2,82056,86670
2026-08-28,facebook,C0030,신규 입고 기획전 소개,carousel,4504,3172,2230,155,3,0,22216,0
2026-08-28,instagram,C0031,여름 클리어런스 세트 모음,image,15058,12635,7409,702,13,3,88394,215723
2026-08-28,naver_blog,C0032,베스트셀러 쿠폰 안내,blog_post,7721,6243,2955,603,21,11,0,1041699
2026-08-28,youtube,C0033,직원 추천 룩북 모음,reels,14579,10103,5529,159,2,0,60107,0
2026-08-28,kakao,C0034,한정 수량 코디 안내,image,8086,6151,4407,465,25,14,54499,599627
2026-08-28,instagram,C0037,리뷰 이벤트 세트 후기,reels,11633,9907,4786,335,10,4,73653,185820
2026-08-28,kakao,C0040,한정 수량 단독 특가 모음,image,8276,7268,3814,398,16,5,66598,315040
2026-08-28,facebook,C0042,시즌오프 패키지 추천,video,12134,10016,4067,207,3,0,57718,0
2026-08-28,naver_blog,C0050,신규 입고 세트 가이드,blog_post,4126,3180,1829,265,10,3,0,177564
2026-08-28,youtube,C0051,신규 입고 코디 후기,video,17693,13684,7814,501,10,2,72253,104033
2026-08-28,kakao,C0052,한정 수량 쿠폰 후기,carousel,9584,7307,2648,375,15,5,70935,363939
2026-08-28,google_ads,C0053,베스트셀러 단독 특가 안내,video,16034,10796,6035,654,13,3,142939,150316
2026-08-28,facebook,C0054,브랜드 협업 기획전 소개,carousel,8265,6078,3634,178,4,1,47379,46776
2026-08-28,instagram,C0055,시즌오프 세트 추천,image,18479,12357,7950,866,28,10,108147,510943
2026-08-28,naver_blog,C0056,여름 클리어런스 단독 특가 총정리,blog_post,4100,3369,1243,236,9,4,0,215490
2026-08-28,youtube,C0057,신규 입고 쿠폰 후기,video,29757,25331,16687,585,7,2,115928,104922
2026-08-28,facebook,C0060,한정 수량 기획전 가이드,video,6463,4226,2012,116,1,0,33272,0
2026-08-29,youtube,C0003,시즌오프 세트 후기,video,13388,9144,5620,225,4,1,52263,69208
2026-08-29,google_ads,C0005,여름 클리어런스 쿠폰 안내,image,14142,10723,6847,483,9,4,132308,328227
2026-08-29,facebook,C0006,재입고 알림 기획전 소개,video,4780,3170,1520,108,1,0,22637,0
2026-08-29,kakao,C0010,베스트셀러 룩북 소개,image,8405,7332,3556,564,23,13,71570,913713
2026-08-29,google_ads,C0011,신규 입고 코디 가이드,image,10249,7411,4454,201,6,3,83075,161102
2026-08-29,facebook,C0012,한정 수량 세트 후기,video,11206,9575,3680,330,7,1,63837,90737
2026-08-29,naver_blog,C0014,한정 수량 세트 모음,blog_post,2333,1773,930,95,3,1,0,68566
2026-08-29,youtube,C0015,베스트셀러 패키지 가이드,video,13064,10821,7012,276,5,0,60093,0
2026-08-29,google_ads,C0017,한정 수량 기획전 추천,video,14327,10344,4770,551,12,5,130563,339303
2026-08-29,instagram,C0019,베스트셀러 체험단 가이드,carousel,12045,7713,2817,593,12,4,70073,164664
2026-08-29,youtube,C0021,신규 입고 코디 모음,reels,11929,9430,3313,248,3,0,56822,0
2026-08-29,kakao,C0022,시즌오프 패키지 모음,image,3262,2445,980,184,5,2,22770,125655
2026-08-29,facebook,C0024,시즌오프 룩북 안내,carousel,4929,4055,1952,71,1,0,22987,0
2026-08-29,naver_blog,C0026,여름 클리어런스 세트 추천,blog_post,3391,2738,1014,235,9,2,0,139713
2026-08-29,youtube,C0027,신규 입고 룩북 가이드,reels,8217,7161,3851,176,3,0,31572,0
2026-08-29,google_ads,C0029,신규 입고 세트 모음,image,9306,6801,4382,250,6,3,75048,142206
2026-08-29,facebook,C0030,신규 입고 기획전 소개,carousel,3791,3004,1431,124,2,0,16655,0
2026-08-29,instagram,C0031,여름 클리어런스 세트 모음,image,8482,6212,3574,455,10,2,57075,118543
2026-08-29,naver_blog,C0032,베스트셀러 쿠폰 안내,blog_post,4209,3538,1440,325,10,2,0,157553
2026-08-29,youtube,C0033,직원 추천 룩북 모음,reels,9988,6890,4062,117,1,0,37689,0
2026-08-29,instagram,C0037,리뷰 이벤트 세트 후기,reels,10023,7860,3832,260,4,1,59501,73239
2026-08-29,kakao,C0040,한정 수량 단독 특가 모음,image,6104,4046,1445,354,12,7,43070,610796
2026-08-29,youtube,C0051,신규 입고 코디 후기,video,17864,14915,8436,374,3,0,75414,0
2026-08-29,kakao,C0052,한정 수량 쿠폰 후기,carousel,9036,6020,3561,377,21,12,72397,635518
2026-08-29,facebook,C0054,브랜드 협업 기획전 소개,carousel,6878,5122,3463,160,2,0,35727,0
2026-08-29,instagram,C0055,시즌오프 세트 추천,image,14262,12167,6594,601,19,5,92050,292828
2026-08-29,naver_blog,C0056,여름 클리어런스 단독 특가 총정리,blog_post,3407,2384,1623,262,10,5,0,368680
2026-08-29,youtube,C0057,신규 입고 쿠폰 후기,video,18225,15697,9253,320,3,0,84907,0
2026-08-29,facebook,C0060,한정 수량 기획전 가이드,video,6392,4906,1734,94,1,0,31747,0
2026-08-30,youtube,C0003,시즌오프 세트 후기,video,14657,10632,6453,357,6,0,57158,0
2026-08-30,google_ads,C0005,여름 클리어런스 쿠폰 안내,image,10898,7925,4531,327,11,4,91268,342640
2026-08-30,kakao,C0010,베스트셀러 룩북 소개,image,5129,3502,2449,259,10,5,37267,450646
2026-08-30,google_ads,C0011,신규 입고 코디 가이드,image,11956,8433,4734,320,11,4,108304,187692
2026-08-30,facebook,C0012,한정 수량 세트 후기,video,8997,7867,4531,266,3,0,40444,0
2026-08-30,instagram,C0013,리뷰 이벤트 패키지 모음,carousel,7986,6683,4719,336,6,1,50592,78144
2026-08-30,naver_blog,C0014,한정 수량 세트 모음,blog_post,2288,1467,705,105,2,0,0,0
2026-08-30,google_ads,C0017,한정 수량 기획전 추천,video,11995,9867,4923,382,12,2,109987,143211
2026-08-30,instagram,C0019,베스트셀러 체험단 가이드,carousel,15632,11448,7575,733,22,8,95545,518708
2026-08-30,youtube,C0021,신규 입고 코디 모음,reels,11561,9288,4343,235,2,0,43837,0
2026-08-30,kakao,C0022,시즌오프 패키지 모음,image,3224,2411,971,172,4,1,27446,84628
2026-08-30,google_ads,C0023,신규 입고 세트 후기,video,20153,15753,7295,597,17,6,169252,521711
2026-08-30,facebook,C0024,시즌오프 룩북 안내,carousel,4412,3727,2395,71,0,0,23343,0
2026-08-30,naver_blog,C0026,여름 클리어런스 세트 추천,blog_post,3073,2566,1682,176,4,0,0,0
2026-08-30,youtube,C0027,신규 입고 룩북 가이드,reels,8764,7480,4497,154,3,0,32407,0
2026-08-30,google_ads,C0029,신규 입고 세트 모음,image,7184,5342,2370,177,5,1,70842,48650
2026-08-30,facebook,C0030,신규 입고 기획전 소개,carousel,3656,2574,970,91,1,0,16063,0
2026-08-30,instagram,C0031,여름 클리어런스 세트 모음,image,10762,7695,3708,514,12,5,79523,273362
2026-08-30,youtube,C0033,직원 추천 룩북 모음,reels,10127,8636,5635,145,2,0,37061,0
2026-08-30,kakao,C0034,한정 수량 코디 안내,image,4331,3600,2399,222,7,3,27956,200241
2026-08-30,instagram,C0037,리뷰 이벤트 세트 후기,reels,7832,6575,4301,239,7,3,48606,242582
2026-08-30,kakao,C0040,한정 수량 단독 특가 모음,image,5722,4977,3457,355,16,9,37894,702543
2026-08-30,kakao,C0046,직원 추천 패키지 안내,image,7375,4805,3338,418,13,7,57499,330612
2026-08-30,naver_blog,C0050,신규 입고 세트 가이드,blog_post,2418,2027,1032,189,4,2,0,153848
2026-08-30,youtube,C0051,신규 입고 코디 후기,video,17069,13760,6024,353,6,0,70309,0
2026-08-30,kakao,C0052,한정 수량 쿠폰 후기,carousel,5863,3869,1804,212,8,4,46184,252405
2026-08-30,google_ads,C0053,베스트셀러 단독 특가 안내,video,12800,8954,5406,497,13,6,115379,485903
2026-08-30,facebook,C0054,브랜드 협업 기획전 소개,carousel,4463,2858,1301,127,2,0,23872,0
2026-08-30,instagram,C0055,시즌오프 세트 추천,image,14487,10915,5842,591,15,2,102619,178541
2026-08-30,naver_blog,C0056,여름 클리어런스 단독 특가 총정리,blog_post,2683,1833,996,173,6,2,0,160724
2026-08-30,youtube,C0057,신규 입고 쿠폰 후기,video,18059,13170,7513,360,5,1,73158,94629
2026-08-30,kakao,C0058,리뷰 이벤트 단독 특가 모음,image,5117,3385,1784,239,6,3,40847,145837
2026-08-30,facebook,C0060,한정 수량 기획전 가이드,video,5681,4340,2600,119,1,0,25790,0
2026-08-31,youtube,C0003,시즌오프 세트 후기,video,17251,10775,5827,386,6,0,73181,0
2026-08-31,google_ads,C0005,여름 클리어런스 쿠폰 안내,image,19701,14486,9809,794,23,11,170459,828133
2026-08-31,facebook,C0006,재입고 알림 기획전 소개,video,7603,5798,2912,216,2,0,38748,0
2026-08-31,kakao,C0010,베스트셀러 룩북 소개,image,9144,6662,3250,628,22,9,60370,570368
2026-08-31,google_ads,C0011,신규 입고 코디 가이드,image,10953,8695,5602,296,6,1,111178,44917
2026-08-31,facebook,C0012,한정 수량 세트 후기,video,16191,11886,6748,345,6,0,81665,0
2026-08-31,naver_blog,C0014,한정 수량 세트 모음,blog_post,3281,2216,1407,143,4,1,0,77235
2026-08-31,youtube,C0015,베스트셀러 패키지 가이드,video,22952,14876,9515,538,5,0,95834,0
2026-08-31,google_ads,C0017,한정 수량 기획전 추천,video,20939,13763,8202,709,17,7,179236,289153
2026-08-31,instagram,C0019,베스트셀러 체험단 가이드,carousel,19659,15203,5497,1146,32,11,131086,773089
2026-08-31,youtube,C0021,신규 입고 코디 모음,reels,16894,12237,6357,326,4,0,62384,0
2026-08-31,kakao,C0022,시즌오프 패키지 모음,image,4211,3479,1580,209,10,2,27128,88741
2026-08-31,google_ads,C0023,신규 입고 세트 후기,video,23521,16461,11467,933,25,12,197589,768870
2026-08-31,naver_blog,C0026,여름 클리어런스 세트 추천,blog_post,6497,4725,3385,428,13,4,0,269236
2026-08-31,youtube,C0027,신규 입고 룩북 가이드,reels,15391,11053,4462,285,5,1,56025,49126
2026-08-31,google_ads,C0029,신규 입고 세트 모음,image,9521,8122,3705,211,7,2,94635,184879
2026-08-31,facebook,C0030,신규 입고 기획전 소개,carousel,4557,3262,1822,113,1,0,25183,0
2026-08-31,instagram,C0031,여름 클리어런스 세트 모음,image,16785,14258,5053,655,14,2,110485,92623
2026-08-31,naver_blog,C0032,베스트셀러 쿠폰 안내,blog_post,7619,5690,3156,598,20,8,0,576829
2026-08-31,youtube,C0033,직원 추천 룩북 모음,reels,14153,9291,4595,176,2,0,65822,0
2026-08-31,kakao,C0034,한정 수량 코디 안내,image,6312,4150,2679,344,15,4,47968,246434
2026-08-31,instagram,C0037,리뷰 이벤트 세트 후기,reels,9549,7066,3681,245,3,1,68354,87931
2026-08-31,facebook,C0042,시즌오프 패키지 추천,video,11017,8775,5120,221,5,1,56808,53669
2026-08-31,kakao,C0046,직원 추천 패키지 안내,image,8116,5211,2332,555,28,16,62109,1295034
2026-08-31,naver_blog,C0050,신규 입고 세트 가이드,blog_post,4674,3875,2238,364,16,5,0,380888
2026-08-31,kakao,C0052,한정 수량 쿠폰 후기,carousel,10589,8085,5154,343,19,5,69374,225640
2026-08-31,google_ads,C0053,베스트셀러 단독 특가 안내,video,15828,10269,6853,652,20,5,161630,293996
2026-08-31,facebook,C0054,브랜드 협업 기획전 소개,carousel,8913,5888,3446,225,4,0,42049,0
2026-08-31,instagram,C0055,시즌오프 세트 추천,image,19804,12285,7685,1076,32,14,126920,787852
2026-08-31,naver_blog,C0056,여름 클리어런스 단독 특가 총정리,blog_post,4064,2744,982,230,10,3,0,270220
2026-08-31,youtube,C0057,신규 입고 쿠폰 후기,video,34765,22932,10810,689,11,3,144041,164175
2026-08-31,kakao,C0058,리뷰 이벤트 단독 특가 모음,image,8640,7462,3344,420,18,10,65291,402040
2026-09-01,youtube,C0003,시즌오프 세트 후기,video,14847,10088,6321,366,4,0,64790,0
2026-09-01,facebook,C0006,재입고 알림 기획전 소개,video,10229,6386,2631,277,4,0,44476,0
2026-09-01,naver_blog,C0008,신규 입고 기획전 소개,blog_post,4602,3438,2409,221,8,1,0,41471
2026-09-01,kakao,C0010,베스트셀러 룩북 소개,image,8552,6207,2389,476,18,6,60072,260272
2026-09-01,google_ads,C0011,신규 입고 코디 가이드,image,17865,12934,7395,493,12,4,164830,274141
2026-09-01,facebook,C0012,한정 수량 세트 후기,video,13728,8758,3104,361,5,0,78693,0
2026-09-01,naver_blog,C0014,한정 수량 세트 모음,blog_post,2942,2400,1234,140,5,1,0,66425
2026-09-01,youtube,C0015,베스트셀러 패키지 가이드,video,19478,13099,9383,327,5,0,91255,0
2026-09-01,google_ads,C0017,한정 수량 기획전 추천,video,18988,15519,10209,900,20,3,192522,164228
2026-09-01,instagram,C0019,베스트셀러 체험단 가이드,carousel,26837,22291,10558,1355,31,7,160483,534862
2026-09-01,youtube,C0021,신규 입고 코디 모음,reels,15288,11096,6762,274,5,0,73564,0
2026-09-01,kakao,C0022,시즌오프 패키지 모음,image,5546,4618,2858,258,14,8,44803,456891
2026-09-01,google_ads,C0023,신규 입고 세트 후기,video,30445,20301,11811,1206,26,8,242083,645467
2026-09-01,naver_blog,C0026,여름 클리어런스 세트 추천,blog_post,6329,4311,3095,383,14,4,0,254065
2026-09-01,youtube,C0027,신규 입고 룩북 가이드,reels,15001,12119,8407,283,5,1,60150,68932
2026-09-01,instagram,C0031,여름 클리어런스 세트 모음,image,15508,13105,7781,698,16,3,106889,283520
2026-09-01,youtube,C0033,직원 추천 룩북 모음,reels,15641,10203,6459,244,3,1,64320,60091
2026-09-01,kakao,C0034,한정 수량 코디 안내,image,6280,5318,3484,373,10,5,41750,237468
2026-09-01,instagram,C0037,리뷰 이벤트 세트 후기,reels,12374,9561,5512,405,8,1,75659,51474
2026-09-01,kakao,C0040,한정 수량 단독 특가 모음,image,10404,7661,2969,498,28,13,74767,523505
2026-09-01,kakao,C0046,직원 추천 패키지 안내,image,9628,7625,4010,638,18,7,69937,647199
2026-09-01,naver_blog,C0050,신규 입고 세트 가이드,blog_post,3429,2413,1384,279,6,1,0,90815
2026-09-01,youtube,C0051,신규 입고 코디 후기,video,16570,10618,7481,453,7,2,60891,115937
2026-09-01,kakao,C0052,한정 수량 쿠폰 후기,carousel,8959,6918,2914,286,9,4,69681,273139
2026-09-01,google_ads,C0053,베스트셀러 단독 특가 안내,video,12824,8721,3203,507,14,5,104793,434765
2026-09-01,facebook,C0054,브랜드 협업 기획전 소개,carousel,7802,5999,2213,216,4,1,42754,86898
2026-09-01,instagram,C0055,시즌오프 세트 추천,image,18569,16013,6040,818,15,2,127081,183832
2026-09-01,naver_blog,C0056,여름 클리어런스 단독 특가 총정리,blog_post,4541,3557,1788,354,11,3,0,189133
2026-09-01,youtube,C0057,신규 입고 쿠폰 후기,video,22975,20166,11139,440,4,0,84383,0
2026-09-01,kakao,C0058,리뷰 이벤트 단독 특가 모음,image,7152,4968,2622,274,12,7,49188,291186
2026-09-01,facebook,C0060,한정 수량 기획전 가이드,video,7021,4565,2658,130,2,0,39455,0
2026-09-02,youtube,C0003,시즌오프 세트 후기,video,14206,11938,6097,235,2,0,61050,0
2026-09-02,google_ads,C0005,여름 클리어런스 쿠폰 안내,image,21680,14727,6133,742,25,9,217686,674356
2026-09-02,facebook,C0006,재입고 알림 기획전 소개,video,8408,5435,2667,215,3,0,46400,0
2026-09-02,naver_blog,C0008,신규 입고 기획전 소개,blog_post,6855,4544,1903,320,12,5,0,270988
2026-09-02,kakao,C0010,베스트셀러 룩북 소개,image,11276,9340,5850,656,32,14,84755,1231523
2026-09-02,facebook,C0012,한정 수량 세트 후기,video,17555,11899,4368,393,7,1,83047,67482
2026-09-02,instagram,C0013,리뷰 이벤트 패키지 모음,carousel,10089,8097,4613,427,11,4,73641,313692
2026-09-02,naver_blog,C0014,한정 수량 세트 모음,blog_post,2906,2163,1245,102,3,0,0,0
2026-09-02,youtube,C0015,베스트셀러 패키지 가이드,video,19896,14353,6273,356,4,1,95261,61739
2026-09-02,google_ads,C0017,한정 수량 기획전 추천,video,14790,10415,4789,594,10,3,126908,222172
2026-09-02,instagram,C0019,베스트셀러 체험단 가이드,carousel,21436,17579,10845,1240,36,8,153152,749768
2026-09-02,kakao,C0022,시즌오프 패키지 모음,image,4611,3535,2078,195,9,2,30280,87082
2026-09-02,google_ads,C0023,신규 입고 세트 후기,video,35640,31021,16091,1051,30,6,306821,556087
2026-09-02,naver_blog,C0026,여름 클리어런스 세트 추천,blog_post,5145,3328,1613,359,14,3,0,154319
2026-09-02,youtube,C0027,신규 입고 룩북 가이드,reels,13736,11931,4317,348,6,1,51912,53901
2026-09-02,google_ads,C0029,신규 입고 세트 모음,image,9669,7167,5058,257,5,1,97149,77562
2026-09-02,facebook,C0030,신규 입고 기획전 소개,carousel,4962,3298,1692,164,3,0,23251,0
2026-09-02,instagram,C0031,여름 클리어런스 세트 모음,image,12080,8971,3161,596,18,6,69986,395086
2026-09-02,naver_blog,C0032,베스트셀러 쿠폰 안내,blog_post,5806,4629,1894,430,14,7,0,522253
2026-09-02,kakao,C0034,한정 수량 코디 안내,image,8590,6056,2863,556,14,8,71866,334238
2026-09-02,instagram,C0037,리뷰 이벤트 세트 후기,reels,9968,7573,3367,237,5,1,68486,40707
2026-09-02,kakao,C0040,한정 수량 단독 특가 모음,image,11617,7609,3340,493,24,10,74132,897428
2026-09-02,facebook,C0042,시즌오프 패키지 추천,video,14691,12458,7309,231,3,0,75092,0
2026-09-02,naver_blog,C0050,신규 입고 세트 가이드,blog_post,3347,2907,1049,248,11,5,0,260806
2026-09-02,kakao,C0052,한정 수량 쿠폰 후기,carousel,10557,8077,4999,344,11,6,73339,331887
2026-09-02,google_ads,C0053,베스트셀러 단독 특가 안내,video,19365,13967,7141,633,17,3,176721,167874
2026-09-02,facebook,C0054,브랜드 협업 기획전 소개,carousel,8379,5412,3353,181,2,0,47492,0
2026-09-02,instagram,C0055,시즌오프 세트 추천,image,17938,11138,4432,732,15,3,99742,220623
2026-09-02,naver_blog,C0056,여름 클리어런스 단독 특가 총정리,blog_post,4430,3873,1951,325,13,3,0,258015
2026-09-02,youtube,C0057,신규 입고 쿠폰 후기,video,31535,25260,10085,587,9,1,132574,70153
2026-09-02,facebook,C0060,한정 수량 기획전 가이드,video,8354,5689,3930,163,3,0,39339,0
2026-09-03,google_ads,C0005,여름 클리어런스 쿠폰 안내,image,18529,15681,6639,640,21,4,187504,330784
2026-09-03,facebook,C0006,재입고 알림 기획전 소개,video,7532,6012,3961,182,3,0,34012,0
2026-09-03,naver_blog,C0008,신규 입고 기획전 소개,blog_post,4450,3274,1789,192,5,1,0,93011
2026-09-03,google_ads,C0011,신규 입고 코디 가이드,image,15819,9836,6205,375,13,4,155153,346900
2026-09-03,facebook,C0012,한정 수량 세트 후기,video,17765,11836,8485,391,9,1,93944,56225
2026-09-03,instagram,C0013,리뷰 이벤트 패키지 모음,carousel,11097,7402,3483,493,12,3,70938,218931
2026-09-03,google_ads,C0017,한정 수량 기획전 추천,video,18858,15542,11129,836,18,7,182888,460078
2026-09-03,youtube,C0021,신규 입고 코디 모음,reels,12239,10029,6043,195,2,0,58789,0
2026-09-03,kakao,C0022,시즌오프 패키지 모음,image,5931,4556,3131,238,12,6,46608,558206
2026-09-03,google_ads,C0023,신규 입고 세트 후기,video,31385,21102,12923,1082,27,4,283652,219904
2026-09-03,naver_blog,C0026,여름 클리어런스 세트 추천,blog_post,5764,3768,2026,406,14,5,0,262502
2026-09-03,google_ads,C0029,신규 입고 세트 모음,image,13636,11079,6942,349,10,4,121956,354448
2026-09-03,facebook,C0030,신규 입고 기획전 소개,carousel,4561,2952,2023,129,2,0,24742,0
2026-09-03,instagram,C0031,여름 클리어런스 세트 모음,image,11813,9402,5893,642,17,7,68619,420715
2026-09-03,naver_blog,C0032,베스트셀러 쿠폰 안내,blog_post,8698,7339,3959,619,14,6,0,325206
2026-09-03,kakao,C0034,한정 수량 코디 안내,image,7023,4797,2942,490,12,2,48519,144612
2026-09-03,instagram,C0037,리뷰 이벤트 세트 후기,reels,13190,11091,7750,391,7,1,84771,89536
2026-09-03,kakao,C0040,한정 수량 단독 특가 모음,image,10613,7434,2905,656,26,11,87437,890009
2026-09-03,kakao,C0046,직원 추천 패키지 안내,image,11202,9642,4390,583,29,16,96453,736030
2026-09-03,naver_blog,C0050,신규 입고 세트 가이드,blog_post,4780,3875,1713,351,16,4,0,294469
2026-09-03,youtube,C0051,신규 입고 코디 후기,video,22350,17155,6348,610,10,2,91876,135690
2026-09-03,kakao,C0052,한정 수량 쿠폰 후기,carousel,10816,7332,4389,356,16,8,70705,529858
2026-09-03,google_ads,C0053,베스트셀러 단독 특가 안내,video,17726,15557,9342,637,24,5,183276,379342
2026-09-03,facebook,C0054,브랜드 협업 기획전 소개,carousel,8591,6367,4483,186,4,1,39002,76167
2026-09-03,instagram,C0055,시즌오프 세트 추천,image,15532,11680,5029,781,13,2,107366,115370
2026-09-03,naver_blog,C0056,여름 클리어런스 단독 특가 총정리,blog_post,4845,3518,1996,305,14,4,0,328482
2026-09-03,youtube,C0057,신규 입고 쿠폰 후기,video,31268,27206,18880,559,7,1,129694,57245
2026-09-03,kakao,C0058,리뷰 이벤트 단독 특가 모음,image,6518,4242,2462,261,11,2,43600,94075
2026-09-03,facebook,C0060,한정 수량 기획전 가이드,video,7479,5204,3346,124,1,0,35790,0
2026-09-04,youtube,C0003,시즌오프 세트 후기,video,17843,15640,5716,437,4,0,74272,0
2026-09-04,google_ads,C0005,여름 클리어런스 쿠폰 안내,image,17991,12600,8778,734,21,9,176452,415022
2026-09-04,facebook,C0006,재입고 알림 기획전 소개,video,7908,5415,3222,162,3,0,42296,0
2026-09-04,naver_blog,C0008,신규 입고 기획전 소개,blog_post,6136,4322,2212,316,14,3,0,144655
2026-09-04,google_ads,C0011,신규 입고 코디 가이드,image,13827,10845,5259,305,7,2,115047,80480
2026-09-04,facebook,C0012,한정 수량 세트 후기,video,12884,10705,5093,298,3,0,68395,0
2026-09-04,instagram,C0013,리뷰 이벤트 패키지 모음,carousel,9859,7361,4044,440,8,3,58932,142588
2026-09-04,naver_blog,C0014,한정 수량 세트 모음,blog_post,3268,2516,1439,119,5,1,0,68575
2026-09-04,google_ads,C0017,한정 수량 기획전 추천,video,15306,10990,6533,683,13,6,153862,425725
2026-09-04,instagram,C0019,베스트셀러 체험단 가이드,carousel,21104,13905,7769,976,20,3,120887,247587
2026-09-04,youtube,C0021,신규 입고 코디 모음,reels,13960,11979,4297,291,5,1,52873,43069
2026-09-04,kakao,C0022,시즌오프 패키지 모음,image,3824,2678,970,183,7,1,25363,50027
2026-09-04,google_ads,C0023,신규 입고 세트 후기,video,27594,22028,13862,1033,30,11,273608,888082
2026-09-04,naver_blog,C0026,여름 클리어런스 세트 추천,blog_post,5778,4758,2738,333,14,3,0,199263
2026-09-04,google_ads,C0029,신규 입고 세트 모음,image,8223,6293,4261,193,6,1,69116,64971
2026-09-04,facebook,C0030,신규 입고 기획전 소개,carousel,4665,3571,1898,144,3,0,26058,0
2026-09-04,naver_blog,C0032,베스트셀러 쿠폰 안내,blog_post,5615,3713,2206,450,18,3,0,133059
2026-09-04,kakao,C0034,한정 수량 코디 안내,image,7166,4541,2078,417,16,6,50907,484415
2026-09-04,instagram,C0037,리뷰 이벤트 세트 후기,reels,9452,7935,4001,284,4,1,67526,54589
2026-09-04,kakao,C0040,한정 수량 단독 특가 모음,image,8875,7618,5483,403,16,6,65879,322700
2026-09-04,kakao,C0046,직원 추천 패키지 안내,image,11729,8067,4141,769,37,12,83166,788947
2026-09-04,naver_blog,C0050,신규 입고 세트 가이드,blog_post,2837,2079,837,211,7,2,0,181340
2026-09-04,youtube,C0051,신규 입고 코디 후기,video,19044,15746,6305,516,5,1,85253,78909
2026-09-04,kakao,C0052,한정 수량 쿠폰 후기,carousel,8818,6470,2267,274,11,5,74894,209150
2026-09-04,google_ads,C0053,베스트셀러 단독 특가 안내,video,15753,11989,4243,501,16,8,137584,454470
2026-09-04,facebook,C0054,브랜드 협업 기획전 소개,carousel,8672,7266,4252,192,3,0,38458,0
2026-09-04,naver_blog,C0056,여름 클리어런스 단독 특가 총정리,blog_post,4245,2921,1623,269,13,5,0,274265
2026-09-04,youtube,C0057,신규 입고 쿠폰 후기,video,20376,15832,11264,347,4,0,84038,0
2026-09-04,facebook,C0060,한정 수량 기획전 가이드,video,5262,3966,2450,90,1,0,23709,0
2026-09-05,youtube,C0003,시즌오프 세트 후기,video,14343,11594,4293,333,3,0,58878,0
2026-09-05,google_ads,C0005,여름 클리어런스 쿠폰 안내,image,14424,10602,5198,569,17,4,113585,171815
2026-09-05,naver_blog,C0008,신규 입고 기획전 소개,blog_post,5218,4009,1403,299,6,1,0,70539
2026-09-05,google_ads,C0011,신규 입고 코디 가이드,image,7960,5034,2410,175,4,1,80887,52630
2026-09-05,facebook,C0012,한정 수량 세트 후기,video,9480,6079,4353,204,4,0,53151,0
2026-09-05,instagram,C0013,리뷰 이벤트 패키지 모음,carousel,7988,6299,3776,337,10,2,47717,145906
2026-09-05,naver_blog,C0014,한정 수량 세트 모음,blog_post,2555,2240,1404,93,3,0,0,0
2026-09-05,google_ads,C0017,한정 수량 기획전 추천,video,13990,11372,6794,480,11,3,111292,248462
2026-09-05,instagram,C0019,베스트셀러 체험단 가이드,carousel,14204,12282,7874,789,12,5,83674,326111
2026-09-05,youtube,C0021,신규 입고 코디 모음,reels,11298,7679,3949,209,3,0,51315,0
2026-09-05,kakao,C0022,시즌오프 패키지 모음,image,3578,2714,1696,204,10,2,27078,117785
2026-09-05,google_ads,C0023,신규 입고 세트 후기,video,24335,17984,10278,662,16,4,233705,273566
2026-09-05,naver_blog,C0026,여름 클리어런스 세트 추천,blog_post,3476,2708,1464,210,9,2,0,124084
2026-09-05,youtube,C0027,신규 입고 룩북 가이드,reels,10075,6915,3266,222,3,0,38286,0
2026-09-05,google_ads,C0029,신규 입고 세트 모음,image,7567,4977,2554,184,3,0,72014,0
2026-09-05,facebook,C0030,신규 입고 기획전 소개,carousel,4720,3382,2050,118,2,0,23063,0
2026-09-05,instagram,C0031,여름 클리어런스 세트 모음,image,10842,9528,4468,454,7,1,77381,62662
2026-09-05,naver_blog,C0032,베스트셀러 쿠폰 안내,blog_post,4654,3876,2007,355,13,5,,434140
2026-09-05,kakao,C0034,한정 수량 코디 안내,image,6755,4447,2968,368,13,8,50591,730268
2026-09-05,instagram,C0037,리뷰 이벤트 세트 후기,reels,9563,6666,4370,301,7,3,61866,250628
2026-09-05,kakao,C0046,직원 추천 패키지 안내,image,6567,4181,2637,349,20,6,52633,332413
2026-09-05,naver_blog,C0050,신규 입고 세트 가이드,blog_post,2257,1501,663,158,3,1,0,90536
2026-09-05,google_ads,C0053,베스트셀러 단독 특가 안내,video,11257,8319,4447,412,14,4,90494,343079
2026-09-05,facebook,C0054,브랜드 협업 기획전 소개,carousel,5846,5057,2570,176,3,0,30016,0
2026-09-05,naver_blog,C0056,여름 클리어런스 단독 특가 총정리,blog_post,3022,2243,1028,189,5,1,0,56220
2026-09-05,youtube,C0057,신규 입고 쿠폰 후기,video,17055,13280,9537,309,4,1,65464,94709
2026-09-05,facebook,C0060,한정 수량 기획전 가이드,video,7087,5195,3154,117,2,0,36300,0
2026-09-06,youtube,C0003,시즌오프 세트 후기,video,14761,11131,4007,261,3,1,58022,56203
2026-09-06,google_ads,C0005,여름 클리어런스 쿠폰 안내,image,13662,11270,5401,423,15,7,119622,589277
2026-09-06,facebook,C0006,재입고 알림 기획전 소개,video,4770,4100,2751,96,2,0,24974,0
2026-09-06,naver_blog,C0008,신규 입고 기획전 소개,blog_post,3478,2183,1019,166,5,1,0,47179
2026-09-06,google_ads,C0011,신규 입고 코디 가이드,image,8495,5737,2941,218,7,3,81397,269892
2026-09-06,facebook,C0012,한정 수량 세트 후기,video,9995,7882,3587,243,5,1,55395,83989
2026-09-06,instagram,C0013,리뷰 이벤트 패키지 모음,carousel,7942,5357,3259,315,9,3,51441,245118
2026-09-06,naver_blog,C0014,한정 수량 세트 모음,blog_post,1888,1208,734,70,2,0,0,0
2026-09-06,google_ads,C0017,한정 수량 기획전 추천,video,11315,7974,5249,372,13,3,112665,232309
2026-09-06,instagram,C0019,베스트셀러 체험단 가이드,carousel,11998,10365,7136,589,14,4,67259,363571
2026-09-06,youtube,C0021,신규 입고 코디 모음,reels,10433,7526,5202,208,3,0,43838,0
2026-09-06,kakao,C0022,시즌오프 패키지 모음,image,3719,2820,1285,211,7,1,24371,52112
2026-09-06,google_ads,C0023,신규 입고 세트 후기,video,22523,17128,11489,736,25,10,182492,810185
2026-09-06,youtube,C0027,신규 입고 룩북 가이드,reels,9686,6966,3563,190,3,1,43719,69982
2026-09-06,google_ads,C0029,신규 입고 세트 모음,image,9794,7860,5012,200,4,1,84938,41598
2026-09-06,facebook,C0030,신규 입고 기획전 소개,carousel,2981,2618,1384,92,1,0,13026,0
2026-09-06,instagram,C0031,여름 클리어런스 세트 모음,image,9291,7368,3199,389,10,2,67096,163242
2026-09-06,kakao,C0034,한정 수량 코디 안내,image,5178,3670,1861,273,12,6,42928,389462
2026-09-06,instagram,C0037,리뷰 이벤트 세트 후기,reels,8510,5399,2550,222,4,1,50640,91783
2026-09-06,kakao,C0040,한정 수량 단독 특가 모음,image,5439,4271,2798,246,9,5,40158,450689
2026-09-06,kakao,C0046,직원 추천 패키지 안내,image,6144,4215,2665,426,15,5,51723,343332
2026-09-06,naver_blog,C0050,신규 입고 세트 가이드,blog_post,3047,2065,1165,212,9,3,0,126381
2026-09-06,youtube,C0051,신규 입고 코디 후기,video,17635,13397,9419,403,6,1,82160,61985
2026-09-06,kakao,C0052,한정 수량 쿠폰 후기,carousel,6590,4755,3048,268,10,2,56303,110639
2026-09-06,google_ads,C0053,베스트셀러 단독 특가 안내,video,12911,10509,5354,512,10,4,120507,175521
2026-09-06,facebook,C0054,브랜드 협업 기획전 소개,carousel,4946,3841,1844,126,2,0,25911,0
2026-09-06,naver_blog,C0056,여름 클리어런스 단독 특가 총정리,blog_post,2364,1882,840,147,6,2,0,110695
2026-09-06,youtube,C0057,신규 입고 쿠폰 후기,video,19374,12132,6738,300,2,0,86702,0
2026-09-06,kakao,C0058,리뷰 이벤트 단독 특가 모음,image,6169,4748,1712,242,11,4,40592,327025
2026-09-06,facebook,C0060,한정 수량 기획전 가이드,video,4579,3262,1805,67,1,0,26316,0
2026-09-07,youtube,C0003,시즌오프 세트 후기,video,19531,16916,8211,356,5,1,74591,62203
2026-09-07,google_ads,C0005,여름 클리어런스 쿠폰 안내,image,22143,16318,6711,895,16,4,192170,293793
2026-09-07,facebook,C0006,재입고 알림 기획전 소개,video,7961,6378,3604,226,3,0,40621,0
2026-09-07,naver_blog,C0008,신규 입고 기획전 소개,blog_post,5416,3875,2633,269,10,4,0,245078
2026-09-07,google_ads,C0011,신규 입고 코디 가이드,image,13772,9614,4661,382,13,6,126147,446007
2026-09-07,instagram,C0013,리뷰 이벤트 패키지 모음,carousel,8888,7482,5101,303,9,4,64604,330200
2026-09-07,naver_blog,C0014,한정 수량 세트 모음,blog_post,2907,2387,901,124,2,0,0,0
2026-09-07,google_ads,C0017,한정 수량 기획전 추천,video,16018,13711,7291,688,16,3,131382,250266
2026-09-07,instagram,C0019,베스트셀러 체험단 가이드,carousel,21062,15170,8806,928,16,5,148181,238911
2026-09-07,kakao,C0022,시즌오프 패키지 모음,image,5514,4398,1933,296,8,2,47459,176585
2026-09-07,google_ads,C0023,신규 입고 세트 후기,video,31743,21107,8951,1170,25,10,310910,412128
2026-09-07,naver_blog,C0026,여름 클리어런스 세트 추천,blog_post,4423,3566,2333,350,10,5,0,245310
2026-09-07,youtube,C0027,신규 입고 룩북 가이드,reels,15117,12152,5522,366,5,0,56563,0
2026-09-07,facebook,C0030,신규 입고 기획전 소개,carousel,4774,3335,1177,148,2,0,25887,0
2026-09-07,instagram,C0031,여름 클리어런스 세트 모음,image,12810,11150,7934,546,13,3,72490,155365
2026-09-07,naver_blog,C0032,베스트셀러 쿠폰 안내,blog_post,7781,6223,4233,535,17,4,0,212627
2026-09-07,kakao,C0034,한정 수량 코디 안내,image,6164,3863,1588,310,15,4,40454,209233
2026-09-07,instagram,C0037,리뷰 이벤트 세트 후기,reels,11453,8010,2905,334,10,1,75450,69056
2026-09-07,kakao,C0040,한정 수량 단독 특가 모음,image,8667,6302,4093,390,11,4,68436,351149
2026-09-07,kakao,C0046,직원 추천 패키지 안내,image,8912,7079,2981,497,21,11,60962,707572
2026-09-07,naver_blog,C0050,신규 입고 세트 가이드,blog_post,4565,3875,2253,324,15,8,0,633070
2026-09-07,youtube,C0051,신규 입고 코디 후기,video,20651,12864,7620,539,10,1,76720,67839
2026-09-07,kakao,C0052,한정 수량 쿠폰 후기,carousel,9931,6986,4685,297,14,7,63822,621631
2026-09-07,google_ads,C0053,베스트셀러 단독 특가 안내,video,19260,13260,6445,564,15,3,174340,247041
2026-09-07,facebook,C0054,브랜드 협업 기획전 소개,carousel,9409,7046,3370,263,3,0,46469,0
2026-09-07,naver_blog,C0056,여름 클리어런스 단독 특가 총정리,blog_post,4825,3939,1683,310,13,5,0,463912
2026-09-07,youtube,C0057,신규 입고 쿠폰 후기,video,30587,25745,16101,564,7,2,138294,187420
2026-09-08,youtube,C0003,시즌오프 세트 후기,video,19161,13768,8748,324,4,0,68734,0
2026-09-08,google_ads,C0005,여름 클리어런스 쿠폰 안내,image,18990,16286,10898,823,21,8,189434,380246
2026-09-08,facebook,C0006,재입고 알림 기획전 소개,video,7532,5573,2010,156,3,0,32111,0
2026-09-08,naver_blog,C0008,신규 입고 기획전 소개,blog_post,5942,5094,2299,260,8,2,0,103782
2026-09-08,google_ads,C0011,신규 입고 코디 가이드,image,16422,11623,6366,393,9,3,156377,211089
2026-09-08,facebook,C0012,한정 수량 세트 후기,video,16852,11514,5457,457,9,1,75214,86800
2026-09-08,instagram,C0013,리뷰 이벤트 패키지 모음,carousel,11444,9155,5527,465,9,2,70288,175729
2026-09-08,naver_blog,C0014,한정 수량 세트 모음,blog_post,3391,2890,2032,152,7,3,0,205697
2026-09-08,google_ads,C0017,한정 수량 기획전 추천,video,17657,13438,9222,712,19,5,161897,374599
2026-09-08,instagram,C0019,베스트셀러 체험단 가이드,carousel,19105,11929,5314,832,16,4,117148,252640
2026-09-08,youtube,C0021,신규 입고 코디 모음,reels,14937,12127,8478,259,3,0,54987,0
2026-09-08,kakao,C0022,시즌오프 패키지 모음,image,4397,3249,1552,188,7,2,29236,119418
2026-09-08,google_ads,C0023,신규 입고 세트 후기,video,29382,19064,12147,880,16,5,267932,394351
2026-09-08,naver_blog,C0026,여름 클리어런스 세트 추천,blog_post,5980,5093,1919,415,10,3,0,271376
2026-09-08,google_ads,C0029,신규 입고 세트 모음,image,12117,8036,5038,229,5,1,113325,60849
2026-09-08,facebook,C0030,신규 입고 기획전 소개,carousel,5220,4242,2270,142,2,0,28834,0
2026-09-08,instagram,C0031,여름 클리어런스 세트 모음,image,17145,11661,6031,967,28,6,124056,463297
2026-09-08,naver_blog,C0032,베스트셀러 쿠폰 안내,blog_post,6840,6004,3984,456,14,4,0,161950
2026-09-08,instagram,C0037,리뷰 이벤트 세트 후기,reels,13825,10884,4363,385,6,1,90473,83992
2026-09-08,kakao,C0040,한정 수량 단독 특가 모음,image,8380,5469,2114,499,28,11,69869,565633
2026-09-08,kakao,C0046,직원 추천 패키지 안내,image,9597,6867,4400,460,20,11,74805,452993
2026-09-08,naver_blog,C0050,신규 입고 세트 가이드,blog_post,3518,2208,1357,258,8,4,0,239356
2026-09-08,youtube,C0051,신규 입고 코디 후기,video,20466,16377,7305,574,10,1,80157,69022
2026-09-08,kakao,C0052,한정 수량 쿠폰 후기,carousel,10109,8558,6038,402,10,5,68373,333928
2026-09-08,google_ads,C0053,베스트셀러 단독 특가 안내,video,17870,13757,9275,548,19,7,153853,389757
2026-09-08,facebook,C0054,브랜드 협업 기획전 소개,carousel,8019,5658,2269,172,3,0,44215,0
2026-09-08,naver_blog,C0056,여름 클리어런스 단독 특가 총정리,blog_post,3956,2900,1524,230,4,0,0,0
2026-09-09,youtube,C0003,시즌오프 세트 후기,video,14212,12480,5313,269,4,1,63220,57540
2026-09-09,google_ads,C0005,여름 클리어런스 쿠폰 안내,image,18975,12344,6189,613,13,3,159426,240826
2026-09-09,facebook,C0006,재입고 알림 기획전 소개,video,9544,7621,4594,192,2,0,48524,0
2026-09-09,google_ads,C0011,신규 입고 코디 가이드,image,15828,10981,6509,372,14,6,131315,522623
2026-09-09,instagram,C0013,리뷰 이벤트 패키지 모음,carousel,13422,9374,4258,577,17,3,92624,225121
2026-09-09,google_ads,C0017,한정 수량 기획전 추천,video,19894,16337,10476,910,33,8,163644,394352
2026-09-09,instagram,C0019,베스트셀러 체험단 가이드,carousel,21244,15155,7577,1031,34,6,125994,543040
2026-09-09,youtube,C0021,신규 입고 코디 모음,reels,13269,9171,4758,275,2,0,56024,0
2026-09-09,kakao,C0022,시즌오프 패키지 모음,image,5566,4875,3213,314,18,11,43938,755653
2026-09-09,google_ads,C0023,신규 입고 세트 후기,video,22536,18200,6383,817,15,7,179657,395768
2026-09-09,naver_blog,C0026,여름 클리어런스 세트 추천,blog_post,4675,3764,1431,268,9,3,0,129957
2026-09-09,youtube,C0027,신규 입고 룩북 가이드,reels,13307,10781,4977,333,3,0,60410,0
2026-09-09,google_ads,C0029,신규 입고 세트 모음,image,12071,9528,4521,307,6,3,114150,280130
2026-09-09,facebook,C0030,신규 입고 기획전 소개,carousel,6816,5516,2866,170,3,0,35434,0
2026-09-09,instagram,C0031,여름 클리어런스 세트 모음,image,11999,10345,4221,622,17,5,67015,466450
2026-09-09,naver_blog,C0032,베스트셀러 쿠폰 안내,blog_post,7052,5420,3071,522,20,6,0,246444
2026-09-09,kakao,C0034,한정 수량 코디 안내,image,8542,5747,4122,582,27,9,55669,512182
2026-09-09,instagram,C0037,리뷰 이벤트 세트 후기,reels,11985,7847,3061,363,11,2,89424,131962
2026-09-09,kakao,C0040,한정 수량 단독 특가 모음,image,10469,8784,3143,446,14,5,68171,373666
2026-09-09,kakao,C0046,직원 추천 패키지 안내,image,10426,8398,5312,669,37,11,67323,924331
2026-09-09,naver_blog,C0050,신규 입고 세트 가이드,blog_post,4498,3456,2346,322,9,2,0,97000
2026-09-09,youtube,C0051,신규 입고 코디 후기,video,23351,17761,11902,664,7,1,85106,66112
2026-09-09,kakao,C0052,한정 수량 쿠폰 후기,carousel,13234,10999,5457,457,18,6,104524,269638
2026-09-09,facebook,C0054,브랜드 협업 기획전 소개,carousel,6778,4383,3152,159,2,0,37541,0
2026-09-09,naver_blog,C0056,여름 클리어런스 단독 특가 총정리,blog_post,3548,2507,1000,205,5,2,0,123692
2026-09-09,youtube,C0057,신규 입고 쿠폰 후기,video,24628,20681,10214,484,5,0,116669,0
2026-09-09,facebook,C0060,한정 수량 기획전 가이드,video,5906,5059,3191,126,2,0,27385,0
2026-09-10,youtube,C0003,시즌오프 세트 후기,video,19486,13231,5054,402,4,0,80981,0
2026-09-10,google_ads,C0005,여름 클리어런스 쿠폰 안내,image,18813,12276,7512,604,20,7,193873,303811
2026-09-10,facebook,C0006,재입고 알림 기획전 소개,video,9690,8224,4093,278,4,1,44004,67091
2026-09-10,naver_blog,C0008,신규 입고 기획전 소개,blog_post,7011,4582,2506,353,11,5,0,411963
2026-09-10,google_ads,C0011,신규 입고 코디 가이드,image,15743,13259,5715,404,8,3,129270,125831
2026-09-10,facebook,C0012,한정 수량 세트 후기,video,16407,13689,8505,442,4,0,84103,0
2026-09-10,instagram,C0013,리뷰 이벤트 패키지 모음,carousel,9039,7802,2828,395,5,1,54051,81891
2026-09-10,naver_blog,C0014,한정 수량 세트 모음,blog_post,3009,2286,1485,107,3,1,0,82132
2026-09-10,google_ads,C0017,한정 수량 기획전 추천,video,17182,13098,9052,617,13,2,155740,158195
2026-09-10,instagram,C0019,베스트셀러 체험단 가이드,carousel,23354,18651,7312,1342,34,9,129785,843735
2026-09-10,youtube,C0021,신규 입고 코디 모음,reels,12559,10543,5080,221,4,0,50653,0
2026-09-10,kakao,C0022,시즌오프 패키지 모음,image,4901,3322,1925,208,7,2,39109,149216
2026-09-10,google_ads,C0023,신규 입고 세트 후기,video,29608,25984,14887,992,24,5,284525,236516
2026-09-10,youtube,C0027,신규 입고 룩북 가이드,reels,16351,10299,5903,367,5,1,72319,68483
2026-09-10,google_ads,C0029,신규 입고 세트 모음,image,9712,7772,2785,197,5,1,89549,77080
2026-09-10,instagram,C0031,여름 클리어런스 세트 모음,image,15735,12541,7765,631,9,2,113843,161008
2026-09-10,naver_blog,C0032,베스트셀러 쿠폰 안내,blog_post,7610,6236,3113,530,25,9,0,593160
2026-09-10,kakao,C0034,한정 수량 코디 안내,image,7694,5834,2574,474,17,7,64466,280373
2026-09-10,instagram,C0037,리뷰 이벤트 세트 후기,reels,8962,5898,3089,217,3,0,62785,0
2026-09-10,kakao,C0040,한정 수량 단독 특가 모음,image,9750,6792,3816,607,19,8,75649,723459
2026-09-10,kakao,C0046,직원 추천 패키지 안내,image,8903,6822,3196,570,22,8,70028,481920
2026-09-10,naver_blog,C0050,신규 입고 세트 가이드,blog_post,3057,2285,826,187,8,1,0,48055
2026-09-10,youtube,C0051,신규 입고 코디 후기,video,17228,13689,5912,458,5,1,75761,65366
2026-09-10,kakao,C0052,한정 수량 쿠폰 후기,carousel,12537,8327,5162,405,17,5,85955,469414
2026-09-10,facebook,C0054,브랜드 협업 기획전 소개,carousel,7431,6146,3470,156,1,0,36383,0
2026-09-10,naver_blog,C0056,여름 클리어런스 단독 특가 총정리,blog_post,4489,3655,1560,345,8,2,0,181637
2026-09-10,youtube,C0057,신규 입고 쿠폰 후기,video,32947,25806,10919,542,7,1,156620,45025
2026-09-11,youtube,C0003,시즌오프 세트 후기,video,18591,14505,5201,335,3,0,87810,0
2026-09-11,google_ads,C0005,여름 클리어런스 쿠폰 안내,image,20231,14467,10146,623,14,6,199264,476204
2026-09-11,facebook,C0006,재입고 알림 기획전 소개,video,9491,7945,3530,232,3,0,43665,0
2026-09-11,naver_blog,C0008,신규 입고 기획전 소개,blog_post,5367,3407,2164,332,13,3,0,275658
2026-09-11,google_ads,C0011,신규 입고 코디 가이드,image,12419,10665,4079,261,7,3,119823,193019
2026-09-11,facebook,C0012,한정 수량 세트 후기,video,16693,12692,5552,405,5,0,72031,0
2026-09-11,instagram,C0013,리뷰 이벤트 패키지 모음,carousel,9900,7731,4145,377,10,1,59325,68132
2026-09-11,naver_blog,C0014,한정 수량 세트 모음,blog_post,2749,2185,991,124,5,1,0,91168
2026-09-11,instagram,C0019,베스트셀러 체험단 가이드,carousel,19585,15171,6302,806,24,9,123058,767159
2026-09-11,youtube,C0021,신규 입고 코디 모음,reels,10184,7693,2820,181,2,0,41255,0
2026-09-11,kakao,C0022,시즌오프 패키지 모음,image,4028,3337,1429,190,7,2,32336,144112
2026-09-11,google_ads,C0023,신규 입고 세트 후기,video,30576,22343,9359,860,20,10,253533,716004
2026-09-11,naver_blog,C0026,여름 클리어런스 세트 추천,blog_post,5250,4591,2543,345,12,6,0,263142
2026-09-11,youtube,C0027,신규 입고 룩북 가이드,reels,10200,8521,3368,221,2,0,38097,0
2026-09-11,google_ads,C0029,신규 입고 세트 모음,image,11707,9271,3249,309,8,2,89568,174886
2026-09-11,facebook,C0030,신규 입고 기획전 소개,carousel,4802,4044,1704,147,1,0,20632,0
2026-09-11,instagram,C0031,여름 클리어런스 세트 모음,image,11536,8213,4289,645,10,2,64969,162244
2026-09-11,naver_blog,C0032,베스트셀러 쿠폰 안내,blog_post,5273,3673,2057,385,10,3,0,249427
2026-09-11,kakao,C0040,한정 수량 단독 특가 모음,image,8658,6880,4290,468,24,10,65563,444816
2026-09-11,kakao,C0046,직원 추천 패키지 안내,image,10530,6738,2377,494,17,10,81283,512204
2026-09-11,naver_blog,C0050,신규 입고 세트 가이드,blog_post,4268,3709,2064,330,14,7,0,420771
2026-09-11,kakao,C0052,한정 수량 쿠폰 후기,carousel,9648,6367,3620,301,9,4,67572,237663
2026-09-11,naver_blog,C0056,여름 클리어런스 단독 특가 총정리,blog_post,4452,3755,2437,244,5,2,0,103451
2026-09-11,kakao,C0058,리뷰 이벤트 단독 특가 모음,image,8053,6031,3276,351,10,3,61138,184128
2026-09-12,youtube,C0003,시즌오프 세트 후기,video,14621,12472,8895,349,6,1,65476,75731
2026-09-12,naver_blog,C0008,신규 입고 기획전 소개,blog_post,5011,4335,2205,267,6,1,0,70490
2026-09-12,google_ads,C0011,신규 입고 코디 가이드,image,10751,9179,5478,220,6,2,88922,154750
2026-09-12,facebook,C0012,한정 수량 세트 후기,video,13727,9209,3843,321,7,1,68538,79635
2026-09-12,instagram,C0013,리뷰 이벤트 패키지 모음,carousel,7809,5147,2020,284,7,2,51595,155627
2026-09-12,naver_blog,C0014,한정 수량 세트 모음,blog_post,2694,2241,1485,125,5,2,0,142779
2026-09-12,google_ads,C0017,한정 수량 기획전 추천,video,16314,11638,5553,540,10,1,134367,63220
2026-09-12,instagram,C0019,베스트셀러 체험단 가이드,carousel,15102,10439,4052,791,19,3,90951,251380
2026-09-12,youtube,C0021,신규 입고 코디 모음,reels,8249,6274,2370,165,3,0,37810,0
2026-09-12,kakao,C0022,시즌오프 패키지 모음,image,3190,2330,1096,143,7,1,23235,72484
2026-09-12,google_ads,C0023,신규 입고 세트 후기,video,23617,19730,13561,638,22,9,209794,528537
2026-09-12,naver_blog,C0026,여름 클리어런스 세트 추천,blog_post,4034,3218,1885,321,9,3,0,200373
2026-09-12,google_ads,C0029,신규 입고 세트 모음,image,7131,5568,1981,175,4,1,67077,89923
2026-09-12,facebook,C0030,신규 입고 기획전 소개,carousel,5035,4004,2330,140,2,0,22045,0
2026-09-12,instagram,C0031,여름 클리어런스 세트 모음,image,9741,6153,3043,525,10,2,72441,124093
2026-09-12,naver_blog,C0032,베스트셀러 쿠폰 안내,blog_post,4882,3930,2669,321,14,3,0,249082
2026-09-12,kakao,C0034,한정 수량 코디 안내,image,6534,5677,2165,434,16,8,49595,511569
2026-09-12,kakao,C0040,한정 수량 단독 특가 모음,image,6194,4681,2106,380,20,9,48285,749119
2026-09-12,kakao,C0046,직원 추천 패키지 안내,image,8607,5615,2733,433,18,7,68112,297250
2026-09-12,naver_blog,C0050,신규 입고 세트 가이드,blog_post,2796,2413,1694,176,7,1,0,48137
2026-09-12,youtube,C0051,신규 입고 코디 후기,video,12767,10663,5271,252,3,0,53983,0
2026-09-12,kakao,C0052,한정 수량 쿠폰 후기,carousel,8653,7341,3798,258,14,3,70207,121362
2026-09-12,facebook,C0054,브랜드 협업 기획전 소개,carousel,6706,4554,1929,144,2,0,32237,0
2026-09-12,naver_blog,C0056,여름 클리어런스 단독 특가 총정리,blog_post,2819,2451,1423,173,4,0,0,0
2026-09-12,kakao,C0058,리뷰 이벤트 단독 특가 모음,image,4101,2633,1064,219,7,2,33010,159809
2026-09-13,youtube,C0003,시즌오프 세트 후기,video,10949,8776,5665,205,1,0,51866,0
2026-09-13,google_ads,C0005,여름 클리어런스 쿠폰 안내,image,12244,9802,6333,393,14,4,121253,290182
2026-09-13,facebook,C0006,재입고 알림 기획전 소개,video,6397,4471,2816,131,1,0,28600,0
2026-09-13,naver_blog,C0008,신규 입고 기획전 소개,blog_post,3954,3418,2290,245,8,3,0,227768
2026-09-13,google_ads,C0011,신규 입고 코디 가이드,image,10045,6621,3078,287,7,2,97791,163030
2026-09-13,facebook,C0012,한정 수량 세트 후기,video,8967,6334,3397,218,3,0,42774,0
2026-09-13,instagram,C0013,리뷰 이벤트 패키지 모음,carousel,6401,5137,2752,300,5,1,47749,85318
2026-09-13,naver_blog,C0014,한정 수량 세트 모음,blog_post,1804,1469,583,67,2,0,0,0
2026-09-13,google_ads,C0017,한정 수량 기획전 추천,video,12557,8394,3016,407,9,2,103872,160983
2026-09-13,instagram,C0019,베스트셀러 체험단 가이드,carousel,18018,11915,8521,857,20,5,112860,212171
2026-09-13,youtube,C0021,신규 입고 코디 모음,reels,10100,7562,3544,208,3,0,44521,0
2026-09-13,kakao,C0022,시즌오프 패키지 모음,image,3346,2255,1359,186,9,3,24040,151281
2026-09-13,google_ads,C0023,신규 입고 세트 후기,video,21896,14351,5704,773,13,6,209589,550387
2026-09-13,naver_blog,C0026,여름 클리어런스 세트 추천,blog_post,4442,3007,1759,257,11,2,0,181417
2026-09-13,youtube,C0027,신규 입고 룩북 가이드,reels,11865,8534,3952,276,3,1,45550,72733
2026-09-13,google_ads,C0029,신규 입고 세트 모음,image,7928,6586,3970,175,3,0,66570,0
2026-09-13,facebook,C0030,신규 입고 기획전 소개,carousel,3862,3019,1997,115,1,0,20736,0
2026-09-13,instagram,C0031,여름 클리어런스 세트 모음,image,8783,6117,3498,413,11,3,54622,211005
2026-09-13,naver_blog,C0032,베스트셀러 쿠폰 안내,blog_post,3942,2987,1605,317,10,3,0,276424
2026-09-13,kakao,C0034,한정 수량 코디 안내,image,4264,3049,1733,257,8,3,36562,156232
2026-09-13,kakao,C0040,한정 수량 단독 특가 모음,image,7597,5862,2149,462,14,3,51613,263705
2026-09-13,kakao,C0046,직원 추천 패키지 안내,image,7598,6546,3354,406,13,3,53774,275397
2026-09-13,naver_blog,C0050,신규 입고 세트 가이드,blog_post,3328,2252,1118,233,7,3,,201900
2026-09-13,youtube,C0051,신규 입고 코디 후기,video,13578,9869,7098,364,5,0,65016,0
2026-09-13,kakao,C0052,한정 수량 쿠폰 후기,carousel,8432,5583,4004,340,9,5,68693,377380
2026-09-13,facebook,C0054,브랜드 협업 기획전 소개,carousel,5771,4970,3318,149,3,0,28688,0
2026-09-13,naver_blog,C0056,여름 클리어런스 단독 특가 총정리,blog_post,3219,2107,941,241,9,2,0,81220
2026-09-13,kakao,C0058,리뷰 이벤트 단독 특가 모음,image,5387,4738,2413,216,10,5,39201,465821
